"full_name","a","e","i","om","w","q","ad","period","H","diameter","ma","tp"
"  1566 Icarus (1949 MA)",1.078,0.8270,22.80,87.95,31.43,0.187,1.97,1.12,16.57,1.0,160.86,2460417.82
"  1620 Geographos (1951 RA)",1.246,0.3356,13.34,337.15,277.01,0.828,1.66,1.39,15.27,2.56,289.36,2460700.14
"  1862 Apollo (1932 HA)",1.471,0.5599,6.35,35.56,286.03,0.647,2.29,1.78,16.08,1.5,252.87,2460794.35
"  1981 Midas (1973 EA)",1.776,0.6505,39.82,356.80,267.84,0.621,2.93,2.37,15.28,3.4,258.81,2460843.56
"  2101 Adonis (1936 CA)",1.874,0.7642,1.32,349.43,43.69,0.442,3.31,2.57,18.72,0.6,230.82,2460936.75
"  2102 Tantalus (1975 YA)",1.29,0.2993,64.00,94.35,61.52,0.904,1.68,1.47,16.00,1.649,78.27,2460484.14
"  2135 Aristaeus (1977 HA)",1.6,0.5030,23.07,191.11,290.97,0.795,2.40,2.02,18.05,,202.31,2460924.20
"  2201 Oljato (1947 XC)",2.179,0.7107,2.52,74.87,98.37,0.630,3.73,3.22,15.36,1.80,334.42,2460683.95
"  2340 Hathor (1976 UA)",0.8438,0.4500,5.86,211.29,40.10,0.464,1.22,0.775,20.43,0.3,53.40,2460558.50
"  3122 Florence (1981 ET3)",1.769,0.4231,22.14,336.05,27.90,1.021,2.52,2.35,14.10,4.9,0.67,2460598.89
"  3200 Phaethon (1983 TB)",1.271,0.8898,22.31,265.10,322.31,0.140,2.40,1.43,14.40,6.25,248.98,2460762.00
"  3361 Orpheus (1982 HR)",1.21,0.3229,2.66,188.68,302.34,0.820,1.60,1.33,19.56,0.3,24.54,2460567.34
"  3362 Khufu (1984 QA)",0.9895,0.4685,9.92,152.40,55.09,0.526,1.45,0.984,18.52,0.7,359.85,2460600.65
"  3671 Dionysus (1984 KD)",2.2,0.5420,13.54,82.05,204.33,1.008,3.39,3.26,16.50,1.5,131.35,2460165.58
"  3757 Anagolay (1982 XB)",1.834,0.4459,3.87,74.93,17.24,1.017,2.65,2.48,19.04,0.5,293.70,2460767.65
"  4015 Wilson-Harrington (1979 VA)",2.626,0.6312,2.80,266.73,95.52,0.968,4.28,4.25,16.19,4,181.75,2461369.95
"  4034 Vishnu (1986 PA)",1.06,0.4441,11.17,157.89,296.70,0.589,1.53,1.09,18.52,0.42,260.40,2460710.71
"  4179 Toutatis (1989 AC)",2.543,0.6248,0.45,125.36,277.88,0.954,4.13,4.06,15.31,5.4,339.68,2460684.14
"  4183 Cuno (1959 LM)",1.981,0.6361,6.67,294.35,237.02,0.721,3.24,2.79,14.17,3.651,175.91,2460102.94
"  4450 Pan (1987 SY)",1.443,0.5866,5.52,311.70,291.94,0.596,2.29,1.73,17.28,,192.17,2460895.52
"  4486 Mithra (1987 SB)",2.205,0.6620,3.04,82.18,169.12,0.745,3.67,3.28,15.61,1.849,156.61,2460080.09
"  4581 Asclepius (1989 FC)",1.023,0.3570,4.92,180.20,255.38,0.658,1.39,1.03,20.74,,212.12,2460755.66
"  4660 Nereus (1982 DB)",1.485,0.3587,1.45,313.11,159.54,0.952,2.02,1.81,18.75,0.33,191.96,2460909.06
"  4769 Castalia (1989 PB)",1.063,0.4832,8.88,325.51,121.44,0.549,1.58,1.1,17.50,1.4,324.11,2460640.41
"  4953 (1990 MU)",1.621,0.6574,24.38,77.53,77.93,0.555,2.69,2.06,14.94,,285.02,2460757.54
"  5011 Ptah (6743 P-L)",1.636,0.5001,7.41,10.63,105.94,0.818,2.45,2.09,16.70,,173.66,2460231.78
"  5189 (1990 UQ)",1.552,0.4783,3.58,135.05,159.95,0.809,2.29,1.93,17.84,,257.64,2460801.21
"  5604 (1992 FE)",0.9286,0.4061,4.71,311.89,82.68,0.552,1.31,0.895,17.38,0.55,269.92,2460682.29
"  5693 (1993 EA)",1.271,0.5851,5.06,96.98,258.98,0.527,2.01,1.43,16.79,,203.14,2460828.42
"  6037 (1988 EG)",1.272,0.4997,3.51,182.18,242.32,0.636,1.91,1.43,18.87,,249.72,2460760.94
"  6239 Minos (1989 QF)",1.151,0.4126,3.94,344.53,239.77,0.676,1.63,1.23,18.61,,224.50,2460770.27
"  6489 Golevka (1991 JX)",2.484,0.6151,2.27,209.42,68.66,0.956,4.01,3.91,19.22,0.53,151.88,2459997.28
"  6491 (1991 OA)",2.506,0.5917,6.00,301.00,324.73,1.023,3.99,3.97,18.72,,142.22,2460027.95
"  7335 (1989 JA)",1.772,0.4846,15.17,61.28,232.27,0.913,2.63,2.36,17.70,1.8,349.17,2460626.41
"  7341 (1991 VK)",1.841,0.5061,5.41,294.73,173.48,0.909,2.77,2.5,16.96,0.982,37.89,2460504.43
"  7482 (1994 PC1)",1.349,0.3294,33.47,117.85,47.49,0.904,1.79,1.57,16.66,1.052,246.56,2460780.76
"  7753 (1988 XB)",1.467,0.4817,3.12,73.39,280.08,0.761,2.17,1.78,18.02,,95.85,2460427.66
"  7822 (1991 CS)",1.123,0.1646,37.12,156.84,249.45,0.938,1.31,1.19,17.34,1.602,182.35,2460814.92
"  8014 (1990 MF)",1.747,0.4560,1.87,209.84,114.73,0.951,2.54,2.31,18.88,0.7,291.48,2460761.05
"  8566 (1996 EN)",1.506,0.4302,37.97,164.12,125.13,0.858,2.15,1.85,16.48,1.568,90.11,2460431.47
"  9856 (1991 EE)",2.242,0.6258,9.83,168.11,116.18,0.839,3.65,3.36,17.11,1.0,314.61,2460755.13
" 10115 (1992 SK)",1.249,0.3250,15.32,8.89,233.69,0.843,1.65,1.4,17.12,0.938,84.54,2460480.83
" 11500 Tomaiyowit (1989 UR)",1.08,0.3558,10.31,234.39,289.52,0.696,1.46,1.12,18.37,0.738,323.61,2460641.94
" 12538 (1998 OH)",1.542,0.4058,24.54,220.69,321.79,0.916,2.17,1.91,15.97,1.663,317.04,2460683.93
" 12923 Zephyr (1999 GK4)",1.963,0.4918,5.30,168.17,147.13,0.998,2.93,2.75,15.82,2.060,51.56,2460456.63
" 13651 (1997 BR)",1.335,0.3057,17.25,116.63,133.86,0.927,1.74,1.54,17.89,0.562,262.62,2460752.98
" 14827 Hypnos (1986 JK)",2.841,0.6649,1.98,57.93,238.19,0.952,4.73,4.79,18.75,0.9,21.63,2460495.41
" 16960 (1998 QS52)",2.201,0.8590,17.52,260.15,243.25,0.310,4.09,3.26,14.42,,308.68,2460770.48
" 20425 (1998 VD35)",1.565,0.4764,6.99,227.25,296.32,0.819,2.31,1.96,20.51,,32.70,2460535.55
" 22753 (1998 WT)",1.219,0.5699,3.20,307.36,324.80,0.524,1.91,1.35,17.69,,165.33,2460374.75
" 23187 (2000 PN9)",1.847,0.5893,51.33,164.29,293.53,0.759,2.94,2.51,16.06,,167.50,2460173.89
" 25143 Itokawa (1998 SF36)",1.324,0.2803,1.62,69.08,162.82,0.953,1.70,1.52,19.26,0.33,142.57,2460380.09
" 26663 (2000 XK47)",1.546,0.4717,13.53,303.59,231.23,0.817,2.28,1.92,18.19,,108.78,2460388.33
" 27002 (1998 DV9)",1.744,0.4333,8.70,130.34,0.82,0.988,2.50,2.3,18.31,,203.62,2460965.86
" 29075 (1950 DA)",1.699,0.5077,12.16,356.59,224.76,0.836,2.56,2.21,17.29,1.3,223.31,2460907.61
" 31669 (1999 JT6)",2.137,0.5776,9.54,78.77,39.10,0.903,3.37,3.12,16.09,,97.39,2460291.76
" 33342 (1998 WT24)",0.7187,0.4177,7.37,81.66,167.52,0.419,1.02,0.609,18.02,0.432,27.50,2460583.50
" 35107 (1991 VH)",1.137,0.1442,13.91,139.34,206.96,0.973,1.30,1.21,16.91,0.929,100.55,2460476.76
" 35396 (1997 XF11)",1.442,0.4837,4.10,213.65,103.04,0.745,2.14,1.73,17.01,0.704,272.13,2460754.90
" 37638 (1993 VB)",1.913,0.5199,5.08,145.56,323.20,0.918,2.91,2.65,19.28,,236.56,2460931.89
" 37655 Illapa (1994 PM)",1.478,0.7525,18.03,139.52,303.90,0.366,2.59,1.8,17.85,,254.99,2460791.90
" 38071 (1999 GU3)",2.089,0.5075,12.74,195.49,8.81,1.029,3.15,3.02,19.57,,162.10,2460103.79
" 39572 (1993 DQ1)",2.036,0.4927,10.03,313.50,344.85,1.033,3.04,2.91,16.56,1.554,205.80,2461055.07
" 41429 (2000 GE2)",1.593,0.5553,2.17,351.91,297.20,0.708,2.48,2.01,20.66,0.204,42.91,2460512.99
" 52760 (1998 ML14)",2.409,0.6233,2.43,338.68,20.37,0.907,3.91,3.74,17.50,1.0,347.09,2460649.47
" 52768 (1998 OR2)",2.38,0.5755,5.88,26.94,174.59,1.010,3.75,3.67,16.04,1.75,81.21,2460297.98
" 53319 (1999 JM8)",2.724,0.6414,13.84,133.62,166.80,0.977,4.47,4.49,15.36,7.,228.77,2461198.95
" 53426 (1999 SL5)",1.923,0.5391,22.77,239.06,43.36,0.886,2.96,2.67,17.19,,167.90,2460146.17
" 53429 (1999 TF5)",2.022,0.6410,26.78,199.16,64.09,0.726,3.32,2.87,18.94,,281.57,2460829.24
" 53550 (2000 BF19)",1.495,0.4196,7.17,313.14,324.95,0.868,2.12,1.83,19.06,,67.25,2460475.74
" 53789 (2000 ED104)",1.371,0.2692,40.78,190.02,218.35,1.002,1.74,1.6,17.34,0.843,236.89,2460800.93
" 65679 (1989 UQ)",0.9148,0.2647,1.30,178.08,15.01,0.673,1.16,0.875,19.62,0.918,195.92,2460746.16
" 65690 (1991 DG)",1.428,0.3632,11.14,180.10,63.37,0.909,1.95,1.71,19.06,,212.30,2460856.18
" 65717 (1993 BX3)",1.395,0.2810,2.81,174.75,290.95,1.003,1.79,1.65,20.87,,104.62,2460425.54
" 65803 Didymos (1996 GT)",1.643,0.3833,3.41,72.99,319.60,1.013,2.27,2.11,18.11,0.78,339.93,2460643.37
" 65909 (1998 FH12)",1.091,0.5397,3.56,108.59,284.51,0.502,1.68,1.14,19.30,,196.93,2460789.06
" 66391 Moshup (1999 KW4)",0.6424,0.6884,38.88,244.90,192.65,0.200,1.08,0.515,16.64,1.317,296.90,2460633.46
" 67367 (2000 LY27)",1.308,0.2127,9.02,264.51,184.84,1.030,1.59,1.5,17.12,,248.94,2460769.16
" 67381 (2000 OL8)",1.321,0.5430,10.67,294.84,266.96,0.604,2.04,1.52,19.80,,38.01,2460541.97
" 68216 (2001 CV26)",1.32,0.3267,17.99,18.13,48.74,0.889,1.75,1.52,16.62,0.994,301.79,2460690.05
" 68346 (2001 KZ66)",1.507,0.4166,16.70,219.37,140.29,0.879,2.14,1.85,16.93,0.736,133.79,2460349.29
" 68347 (2001 KB67)",0.9616,0.3799,17.13,245.86,243.82,0.596,1.33,0.943,19.92,,352.38,2460607.79
" 68372 (2001 PM9)",1.618,0.4160,8.11,252.96,322.33,0.945,2.29,2.06,18.97,,157.97,2460270.62
" 68548 (2001 XR31)",1.707,0.4368,22.72,302.02,24.71,0.961,2.45,2.23,16.57,1.182,186.50,2460993.10
" 68950 (2002 QF15)",1.057,0.3443,25.15,236.21,255.57,0.693,1.42,1.09,16.39,1.650,54.57,2460540.33
" 69230 Hermes (1937 UB)",1.655,0.6239,6.07,34.05,92.90,0.622,2.69,2.13,17.68,,279.39,2460774.62
" 85182 (1991 AQ)",2.22,0.7777,3.12,339.40,243.23,0.494,3.95,3.31,17.13,1.1,59.27,2460401.55
" 85236 (1993 KH)",1.234,0.3110,12.81,54.36,293.82,0.850,1.62,1.37,18.75,,252.62,2460749.81
" 85585 Mjolnir (1998 FG2)",1.298,0.3563,4.08,2.31,95.42,0.835,1.76,1.48,21.64,,37.53,2460544.22
" 85640 (1998 OX4)",1.58,0.4859,4.52,299.57,117.30,0.812,2.35,1.99,21.14,,15.27,2460569.73
" 85713 (1998 SS49)",1.923,0.6388,10.79,40.95,103.13,0.695,3.15,2.67,15.78,3.484,239.57,2460926.40
" 85774 (1998 UT18)",1.403,0.3288,13.59,64.62,50.15,0.942,1.86,1.66,19.10,0.939,178.64,2460299.33
" 85938 (1999 DJ4)",1.853,0.4846,9.14,19.87,197.79,0.955,2.75,2.52,18.73,,41.94,2460493.20
" 85989 (1999 JD6)",0.8831,0.6329,17.07,130.15,309.25,0.324,1.44,0.83,17.11,1.462,338.43,2460618.66
" 85990 (1999 JV6)",1.008,0.3111,5.36,124.30,235.57,0.695,1.32,1.01,20.27,0.451,312.19,2460649.62
" 86039 (1999 NC43)",1.76,0.5789,7.13,311.62,120.81,0.741,2.78,2.33,15.97,2.22,217.35,2460938.41
" 86819 (2000 GK137)",1.995,0.5059,10.06,164.88,150.30,0.986,3.00,2.82,17.47,0.802,212.48,2461022.39
" 87684 (2000 SY2)",0.8587,0.6428,19.22,162.01,47.81,0.307,1.41,0.796,16.01,,182.98,2460743.40
" 88254 (2001 FM129)",1.182,0.6296,1.52,272.11,140.23,0.438,1.93,1.29,17.77,0.800,166.57,2460383.21
" 88959 (2001 TZ44)",1.724,0.5635,53.83,38.96,114.92,0.752,2.69,2.26,17.45,,18.09,2460558.97
" 89136 (2001 US16)",1.356,0.2530,1.91,175.90,67.20,1.013,1.70,1.58,20.28,,332.59,2460644.41
" 89830 (2002 CE)",2.078,0.5070,43.65,19.90,5.84,1.024,3.13,3,15.01,5.067,253.27,2460924.84
" 89958 (2002 LY45)",1.642,0.8864,9.91,188.16,222.94,0.186,3.10,2.1,17.21,,186.10,2460971.69
" 89959 (2002 NT7)",1.735,0.5284,42.36,132.00,300.71,0.818,2.65,2.29,16.57,1.407,206.61,2460956.30
" 90075 (2002 VU94)",2.136,0.5755,8.91,226.73,30.77,0.907,3.37,3.12,15.37,2.233,128.37,2460193.82
" 90403 (2003 YE45)",1.234,0.2802,19.01,286.23,306.85,0.889,1.58,1.37,17.78,0.572,341.08,2460626.83
" 90416 (2003 YK118)",1.695,0.4924,7.83,326.76,233.29,0.860,2.53,2.21,18.86,0.968,117.11,2460338.35
" 99248 (2001 KY66)",1.867,0.5073,10.61,284.11,61.58,0.920,2.81,2.55,16.55,1.115,359.76,2460601.13
" 99942 Apophis (2004 MN4)",0.9224,0.1911,3.34,203.90,126.67,0.746,1.10,0.886,19.09,0.34,227.76,2460719.35
"100085 (1992 UY4)",2.651,0.6190,2.64,305.18,42.24,1.010,4.29,4.32,17.89,,158.29,2459907.42
"101869 (1999 MM)",1.624,0.6109,4.77,110.92,268.84,0.632,2.62,2.07,19.47,,52.69,2460489.86
"101955 Bennu (1999 RQ36)",1.126,0.2037,6.03,2.06,66.22,0.897,1.36,1.2,20.21,0.482,101.70,2455439.14
"103067 (1999 XA143)",1.844,0.5812,38.56,116.52,104.10,0.772,2.92,2.5,16.83,1.282,289.32,2460780.05
"111253 (2001 XU10)",1.754,0.4394,42.02,310.15,6.97,0.983,2.52,2.32,15.28,3.006,62.23,2460453.86
"136617 (1994 CC)",1.638,0.4169,4.68,268.51,24.92,0.955,2.32,2.1,17.97,,103.64,2460380.02
"136618 (1994 CN2)",1.573,0.3948,1.44,99.34,248.28,0.952,2.19,1.97,16.87,,340.11,2460640.31
"136795 Tatsunokingo (1997 BQ)",1.747,0.4780,10.99,50.13,147.57,0.912,2.58,2.31,18.11,,340.73,2460645.64
"136849 (1998 CS1)",1.492,0.5785,7.79,110.68,97.80,0.629,2.35,1.82,17.72,,204.65,2460887.62
"137108 (1999 AN10)",1.459,0.5621,39.93,314.34,268.33,0.639,2.28,1.76,18.05,,177.03,2460284.10
"137120 (1999 BJ8)",1.901,0.5490,8.97,339.46,222.00,0.857,2.94,2.62,18.30,,272.88,2460832.15
"137126 (1999 CF9)",1.772,0.6012,5.55,156.87,90.54,0.707,2.84,2.36,18.14,,280.89,2460789.91
"137427 (1999 TF211)",2.44,0.6116,39.49,347.91,162.38,0.948,3.93,3.81,15.29,,132.56,2460087.92
"138095 (2000 DK79)",1.777,0.4145,60.69,43.46,2.58,1.040,2.51,2.37,15.98,,220.12,2460936.60
"138127 (2000 EE14)",0.6618,0.5331,26.46,155.75,197.86,0.309,1.01,0.538,17.11,0.754,76.31,2460558.81
"138175 (2000 EE104)",1.004,0.2932,5.24,25.50,280.87,0.710,1.30,1.01,20.47,,52.66,2460546.75
"138404 (2000 HA24)",1.139,0.3186,2.16,309.35,142.20,0.776,1.50,1.22,19.40,,139.80,2460428.14
"138524 (2000 OJ8)",2.358,0.5678,6.25,226.58,181.27,1.019,3.70,3.62,16.88,,207.91,2461159.26
"138727 (2000 SU180)",2.105,0.6052,11.92,327.89,136.32,0.831,3.38,3.05,19.34,,289.27,2460819.64
"138971 (2001 CB21)",1.034,0.3334,7.92,353.67,271.93,0.689,1.38,1.05,18.52,,115.89,2460476.93
"139211 (2001 GN2)",1.86,0.4518,26.05,173.53,3.58,1.020,2.70,2.54,17.74,,106.42,2460326.66
"139359 (2001 ME1)",2.634,0.8700,5.96,84.57,302.40,0.342,4.93,4.27,16.53,,138.82,2459998.38
"139622 (2001 QQ142)",1.421,0.3101,9.34,83.16,337.95,0.980,1.86,1.69,18.46,,190.84,2460891.11
"140039 (2001 SO73)",1.821,0.5679,4.85,197.14,31.03,0.787,2.86,2.46,18.08,,222.91,2460942.37
"140158 (2001 SX169)",1.347,0.4608,2.52,126.78,42.73,0.726,1.97,1.56,18.48,0.566,94.39,2460450.73
"140288 (2001 SN289)",1.784,0.5082,53.19,357.06,225.64,0.877,2.69,2.38,16.74,1.263,344.42,2460638.18
"141053 (2001 XT1)",1.528,0.5795,2.73,316.21,31.39,0.643,2.41,1.89,18.86,,67.95,2460470.23
"141432 (2002 CQ11)",0.9762,0.4275,2.47,81.34,272.65,0.559,1.39,0.965,20.06,0.239,241.70,2460716.28
"141495 (2002 EZ11)",1.114,0.8021,2.35,51.88,317.78,0.220,2.01,1.18,18.47,,194.78,2460797.60
"141525 (2002 FV5)",1.087,0.7245,34.04,38.84,308.11,0.299,1.87,1.13,18.07,,251.11,2460725.70
"141527 (2002 FG7)",1.513,0.6268,9.20,187.48,247.69,0.565,2.46,1.86,18.94,,82.57,2460444.55
"141593 (2002 HK12)",2.002,0.5287,2.35,306.98,2.25,0.943,3.06,2.83,18.32,,301.23,2460769.37
"141614 (2002 JV15)",1.624,0.5361,7.19,200.62,127.39,0.753,2.49,2.07,19.52,,269.02,2460791.50
"141851 (2002 PM6)",1.198,0.8501,19.13,304.00,224.53,0.180,2.22,1.31,17.81,,11.09,2460585.74
"143404 (2003 BD44)",1.968,0.6075,2.66,181.18,89.36,0.772,3.16,2.76,16.95,,242.26,2460930.23
"143487 (2003 CR20)",2.124,0.7301,4.99,177.06,88.83,0.573,3.67,3.1,18.94,,329.95,2460694.89
"143624 (2003 HM16)",1.967,0.5773,35.54,195.84,47.18,0.831,3.10,2.76,15.96,2.137,262.55,2460873.24
"143649 (2003 QQ47)",1.085,0.1870,62.10,0.99,104.96,0.882,1.29,1.13,17.39,,174.10,2460400.77
"143651 (2003 QO104)",2.133,0.5262,11.62,58.17,183.60,1.011,3.26,3.12,16.09,,335.50,2460677.96
"143992 (2004 AF)",1.971,0.5538,27.13,315.62,57.98,0.879,3.06,2.77,16.16,,205.38,2461034.62
"144332 (2004 DV24)",1.423,0.2898,55.89,171.13,186.41,1.011,1.84,1.7,16.61,,206.42,2460865.00
"144898 (2004 VD17)",1.508,0.5886,4.22,223.98,90.98,0.620,2.40,1.85,18.89,,306.24,2460701.51
"144900 (2004 VG64)",0.9683,0.6557,36.25,208.85,43.93,0.333,1.60,0.953,18.29,,29.68,2460571.81
"152560 (1991 BN)",1.443,0.3979,3.45,268.81,80.99,0.869,2.02,1.73,19.23,,256.49,2460782.62
"152561 (1991 RB)",1.454,0.4857,19.58,359.29,68.96,0.748,2.16,1.75,19.10,,279.78,2460743.26
"152637 (1997 NC1)",0.8649,0.2085,16.72,96.46,16.59,0.685,1.05,0.804,17.87,,115.84,2460505.96
"152664 (1998 FW4)",2.525,0.7143,3.42,353.60,85.47,0.721,4.33,4.01,19.68,,264.00,2460991.32
"152671 (1998 HL3)",1.129,0.3659,2.68,163.64,188.16,0.716,1.54,1.2,20.24,0.298,286.27,2460690.24
"152680 (1998 KJ9)",1.448,0.6396,10.93,98.54,260.12,0.522,2.37,1.74,19.50,,16.67,2460571.04
"152685 (1998 MZ)",1.346,0.5729,0.15,122.28,39.24,0.575,2.12,1.56,19.34,,349.07,2460617.83
"152754 (1999 GS6)",1.191,0.4974,2.02,314.42,134.97,0.599,1.78,1.3,19.31,0.414,283.40,2460701.53
"152770 (1999 RR28)",1.879,0.6542,7.14,178.16,284.58,0.650,3.11,2.57,18.41,,231.90,2460935.14
"152828 (1999 VT25)",1.162,0.5231,5.15,221.94,319.24,0.554,1.77,1.25,21.28,,253.70,2460735.62
"152978 (2000 GJ147)",1.162,0.2367,25.01,57.85,240.80,0.887,1.44,1.25,19.57,0.531,134.02,2460430.11
"153002 (2000 JG5)",1.341,0.7961,31.43,213.04,233.45,0.273,2.41,1.55,18.28,,307.51,2460683.17
"153201 (2000 WO107)",0.9111,0.7808,7.77,69.20,213.75,0.200,1.62,0.87,19.30,0.510,219.51,2460724.47
"153220 (2000 YN29)",2.542,0.6683,6.23,64.22,142.59,0.843,4.24,4.05,17.41,,288.37,2460895.10
"153311 (2001 MG1)",2.502,0.6459,28.40,142.33,218.52,0.886,4.12,3.96,17.40,,304.13,2460824.77
"153591 (2001 SN263)",1.988,0.4799,6.69,325.72,173.04,1.034,2.94,2.8,17.11,2,343.42,2460647.65
"153814 (2001 WN5)",1.712,0.4670,1.92,277.35,44.67,0.912,2.51,2.24,18.29,0.932,110.47,2460349.48
"153958 (2002 AM31)",1.703,0.4515,4.64,144.37,197.96,0.934,2.47,2.22,18.36,,166.89,2460224.17
"154019 (2002 CZ9)",1.325,0.3601,4.97,142.84,80.88,0.848,1.80,1.53,22.07,,264.53,2460748.30
"154269 (2002 SM)",1.872,0.4865,14.40,10.78,217.51,0.961,2.78,2.56,17.87,,300.04,2460756.29
"154275 (2002 SR41)",1.084,0.4907,11.58,247.77,258.20,0.552,1.62,1.13,20.13,,119.73,2460463.47
"154276 (2002 SY50)",1.704,0.6888,8.75,34.03,99.68,0.530,2.88,2.23,17.64,1.060,288.08,2460762.88
"154302 (2002 UQ3)",1.72,0.5615,28.83,222.70,280.97,0.754,2.69,2.25,17.69,,230.42,2460896.95
"154330 (2002 VX94)",1.477,0.4086,7.16,320.06,215.23,0.873,2.08,1.79,18.19,,353.41,2460612.50
"154590 (2003 MA3)",1.105,0.4022,1.42,152.67,228.88,0.661,1.55,1.16,21.71,0.086,56.99,2460533.33
"155338 (2006 MZ1)",1.569,0.4826,2.08,226.58,138.70,0.812,2.33,1.97,20.40,,81.14,2460438.66
"159504 (2000 WO67)",2.433,0.6172,9.69,107.57,237.82,0.931,3.93,3.8,16.97,2.324,138.95,2460065.47
"159857 (2004 LJ1)",2.263,0.5935,23.15,235.54,140.02,0.920,3.61,3.4,15.47,3.070,319.37,2460740.84
"161989 Cacus (1978 CA)",1.123,0.2139,26.06,161.21,102.09,0.883,1.36,1.19,17.31,1.9,338.81,2460626.08
"162000 (1990 OS)",1.678,0.4624,1.09,346.51,21.59,0.902,2.45,2.17,19.64,0.4,239.67,2460865.99
"162039 (1996 JG)",1.802,0.6604,5.28,52.83,280.26,0.612,2.99,2.42,19.06,,246.30,2460879.45
"162082 (1998 HL1)",1.246,0.1870,20.05,213.53,148.66,1.013,1.48,1.39,19.12,,228.22,2460786.53
"162116 (1998 SA15)",1.916,0.5585,7.11,114.17,331.44,0.846,2.99,2.65,19.54,0.538,267.66,2460848.93
"162120 (1998 SH36)",1.088,0.5709,2.13,217.82,278.85,0.467,1.71,1.13,20.65,,279.53,2460693.13
"162162 (1999 DB7)",1.206,0.1949,10.84,157.59,29.93,0.971,1.44,1.32,19.99,,110.33,2460452.28
"162173 Ryugu (1999 JU3)",1.191,0.1911,5.87,251.29,211.61,0.963,1.42,1.3,19.55,0.896,327.33,2460643.59
"162183 (1999 NB5)",2.072,0.5351,1.43,235.31,123.19,0.963,3.18,2.98,21.25,,143.03,2460167.54
"162210 (1999 SM5)",2.306,0.6950,5.19,327.62,319.31,0.703,3.91,3.5,19.30,,82.39,2460307.76
"162361 (2000 AF6)",0.8758,0.4110,2.71,109.86,201.27,0.516,1.24,0.82,20.24,,188.82,2460742.85
"162416 (2000 EH26)",1.855,0.4780,0.40,215.25,19.22,0.968,2.74,2.53,21.67,,243.90,2460898.06
"162421 (2000 ET70)",0.9467,0.1238,22.32,331.12,46.07,0.829,1.06,0.921,18.11,,31.49,2460571.07
"162422 (2000 EV70)",1.207,0.5311,1.40,108.93,314.50,0.566,1.85,1.33,20.60,,240.88,2460760.80
"162474 (2000 LB16)",1.241,0.3574,50.71,80.85,285.25,0.797,1.68,1.38,18.62,,163.39,2460371.42
"162510 (2000 QW69)",1.376,0.3023,38.14,344.33,220.73,0.960,1.79,1.61,17.60,1.406,91.40,2460450.80
"162567 (2000 RW37)",1.247,0.2501,13.75,333.29,133.29,0.935,1.56,1.39,19.97,0.335,12.21,2460583.24
"162687 (2000 UH1)",1.875,0.5436,14.77,76.13,40.97,0.856,2.89,2.57,18.76,,92.72,2460358.89
"162695 (2000 UL11)",2.122,0.6354,2.19,333.18,152.12,0.774,3.47,3.09,20.20,,246.49,2460956.61
"162783 (2000 YJ11)",1.314,0.2323,7.26,64.92,339.16,1.008,1.62,1.51,20.91,,327.02,2460650.89
"162825 (2001 BO61)",1.773,0.7444,9.07,159.52,79.16,0.453,3.09,2.36,17.97,,338.79,2460651.32
"162882 (2001 FD58)",1.092,0.5752,6.50,341.15,46.02,0.464,1.72,1.14,18.80,,348.46,2460613.87
"162922 (2001 OY13)",1.319,0.3820,10.30,284.18,291.31,0.815,1.82,1.51,20.91,,174.17,2460332.95
"162979 (2001 RA12)",2.037,0.5441,17.09,311.58,326.05,0.929,3.14,2.91,18.29,,359.93,2460600.70
"162998 (2001 SK162)",1.926,0.4743,1.68,285.29,186.45,1.013,2.84,2.67,18.17,0.875,181.51,2461084.55
"163014 (2001 UA5)",1.787,0.4456,9.94,58.62,27.68,0.991,2.58,2.39,17.75,,207.87,2460969.33
"163026 (2001 XR30)",1.297,0.3652,11.86,247.85,294.50,0.823,1.77,1.48,21.23,,106.07,2460441.51
"163051 (2001 YJ4)",2.274,0.5676,9.29,247.77,322.44,0.983,3.57,3.43,16.40,,208.69,2461127.02
"163067 (2002 AP3)",2.046,0.5862,7.61,87.30,117.82,0.847,3.25,2.93,19.99,,254.83,2460912.79
"163132 (2002 CU11)",1.22,0.2952,48.78,157.74,110.53,0.860,1.58,1.35,18.61,0.460,229.17,2460779.31
"163243 (2002 FB3)",0.7616,0.6016,20.28,203.56,148.34,0.303,1.22,0.665,16.47,1.682,109.40,2460526.73
"163249 (2002 GT)",1.344,0.3347,6.97,201.73,135.14,0.894,1.79,1.56,18.71,,59.89,2460505.77
"163348 (2002 NN4)",0.8758,0.4345,5.42,259.43,222.21,0.495,1.26,0.82,20.08,0.735,207.78,2460727.08
"163364 (2002 OD20)",1.365,0.3689,4.19,259.85,275.35,0.862,1.87,1.6,18.91,,84.09,2460464.41
"163373 (2002 PZ39)",1.469,0.5465,1.67,328.77,260.13,0.666,2.27,1.78,19.03,,196.11,2460896.65
"163683 (2002 YP2)",1.577,0.6881,20.63,52.46,281.41,0.492,2.66,1.98,19.09,,31.53,2460537.13
"163697 (2003 EF54)",1.609,0.4728,2.95,268.45,353.79,0.848,2.37,2.04,20.08,,176.37,2460235.12
"163818 (2003 RX7)",1.229,0.3545,10.39,241.01,245.91,0.794,1.67,1.36,18.46,0.386,68.68,2460505.51
"163899 (2003 SD220)",0.8276,0.2100,8.54,273.71,326.99,0.654,1.00,0.753,17.63,0.791,128.47,2460502.36
"164121 (2003 YT1)",1.11,0.2920,44.06,38.31,91.00,0.786,1.43,1.17,16.18,1.717,235.13,2460748.64
"164202 (2004 EW)",0.988,0.2791,4.67,342.90,56.21,0.712,1.26,0.982,20.91,,79.77,2460521.02
"164207 (2004 GU9)",1.001,0.1359,13.65,38.41,279.48,0.865,1.14,1,21.18,0.163,63.63,2460535.82
"164211 (2004 JA27)",1.666,0.4233,2.26,67.76,270.22,0.961,2.37,2.15,19.50,,128.89,2460319.24
"164216 (2004 OT11)",2.153,0.5651,19.99,294.89,326.60,0.937,3.37,3.16,17.29,,167.15,2460064.64
"164400 (2005 GN59)",1.657,0.4679,6.63,218.96,203.05,0.882,2.43,2.13,17.34,,169.72,2460233.33
"168318 (1989 DA)",2.162,0.5417,6.49,349.07,139.82,0.991,3.33,3.18,18.91,0.9,83.00,2460332.72
"170086 (2002 XR14)",1.905,0.6260,2.13,75.48,120.49,0.712,3.10,2.63,18.17,,69.28,2460415.72
"170903 (2004 WS2)",1.336,0.6031,8.27,87.67,115.46,0.530,2.14,1.54,18.23,,267.96,2460744.76
"171576 (1999 VP11)",1.086,0.5836,17.28,208.08,61.74,0.452,1.72,1.13,18.68,,111.24,2460472.79
"171839 (2001 JM1)",1.46,0.3108,17.08,226.64,321.98,1.007,1.91,1.77,19.24,,118.84,2460387.68
"172678 (2003 YM137)",2.559,0.7028,2.82,73.98,131.02,0.761,4.36,4.09,18.95,,326.04,2460741.59
"173561 (2000 YV137)",1.448,0.3109,28.00,137.22,211.38,0.998,1.90,1.74,18.36,,330.30,2460653.01
"175706 (1996 FG3)",1.055,0.3501,1.97,299.50,24.06,0.686,1.42,1.08,18.32,1.196,32.72,2460564.53
"175729 (1998 BB10)",1.271,0.4246,11.54,124.27,259.25,0.732,1.81,1.43,20.44,,280.61,2460715.98
"177049 (2003 EE16)",1.418,0.6143,0.65,127.23,259.50,0.547,2.29,1.69,19.85,,5.13,2460591.71
"177614 (2004 HK33)",1.889,0.5204,5.44,104.70,221.54,0.906,2.87,2.6,17.59,,294.36,2460773.42
"179806 (2002 TD66)",1.858,0.5347,4.93,335.53,125.88,0.864,2.85,2.53,20.46,,220.46,2460958.98
"180186 (2003 QZ30)",2.422,0.6315,8.57,178.04,243.10,0.892,3.95,3.77,17.58,,198.78,2461216.99
"184266 (2004 VW14)",2.121,0.5977,3.83,100.83,42.78,0.853,3.39,3.09,19.49,,140.17,2460161.14
"185851 (2000 DP107)",1.365,0.3765,8.67,358.65,289.77,0.851,1.88,1.6,18.32,0.863,62.22,2460499.81
"186844 (2004 GA1)",2.43,0.6726,7.77,261.48,54.63,0.795,4.06,3.79,17.43,,114.88,2460159.01
"187040 (2005 JS108)",1.355,0.3222,6.04,110.84,244.00,0.919,1.79,1.58,19.23,0.430,28.42,2460555.00
"189040 (2000 MU1)",1.372,0.3825,13.09,130.03,63.78,0.848,1.90,1.61,19.87,,84.71,2460462.31
"189865 (2003 NC)",1.406,0.8055,21.57,288.39,224.33,0.273,2.54,1.67,19.46,,315.33,2460676.03
"192559 (1998 VO)",1.075,0.2266,10.06,228.12,75.97,0.831,1.32,1.11,20.43,,182.11,2460801.62
"192563 (1998 WZ6)",1.452,0.4078,24.76,68.68,110.75,0.860,2.04,1.75,17.34,,226.25,2460837.95
"194006 (2001 SG10)",1.449,0.4243,4.26,184.93,101.62,0.834,2.06,1.74,20.46,,114.85,2460397.26
"194268 (2001 UY4)",1.453,0.7875,5.44,160.69,107.81,0.309,2.60,1.75,18.34,1.244,74.45,2460468.23
"196068 (2002 TW55)",2.118,0.6645,59.35,33.54,251.12,0.711,3.53,3.08,18.13,,85.27,2460333.87
"196625 (2003 RM10)",1.848,0.5917,13.72,341.17,287.44,0.754,2.94,2.51,20.29,,166.92,2460175.09
"197588 (2004 HE12)",1.845,0.4659,42.71,338.03,162.22,0.986,2.71,2.51,17.13,,69.47,2460423.81
"199003 (2005 WJ56)",0.959,0.1521,21.62,288.02,297.65,0.813,1.10,0.939,18.16,,207.09,2460746.20
"199145 (2005 YY128)",1.649,0.7323,3.77,299.96,315.17,0.441,2.86,2.12,18.28,,261.48,2460812.15
"199801 (2007 AE12)",1.684,0.5694,2.29,245.44,86.98,0.725,2.64,2.19,19.36,,128.40,2460315.72
"200840 (2001 XN254)",2.32,0.5609,1.94,264.07,278.72,1.019,3.62,3.53,17.79,,132.26,2460126.16
"202683 (2006 US216)",0.6371,0.5624,3.44,193.26,56.42,0.279,1.00,0.509,19.78,,257.35,2460653.46
"206378 (2003 RB)",1.788,0.4389,6.72,317.13,44.07,1.003,2.57,2.39,18.76,0.376,287.00,2460777.62
"206910 (2004 NL8)",2.574,0.7156,5.02,150.90,278.14,0.732,4.42,4.13,17.28,,302.11,2460843.05
"207398 (2006 AS2)",2.091,0.6419,2.60,125.63,80.07,0.749,3.43,3.02,20.38,,49.89,2460447.48
"207945 (1991 JW)",1.039,0.1186,8.71,53.85,301.95,0.916,1.16,1.06,19.60,0.423,92.10,2460501.52
"208023 (1999 AQ10)",0.9338,0.2354,6.50,326.97,300.57,0.714,1.15,0.902,20.52,,33.11,2460570.18
"208115 (2000 CT101)",1.299,0.3547,23.30,135.55,292.43,0.838,1.76,1.48,20.84,,278.65,2460722.74
"212546 (2006 SV19)",2.133,0.5152,7.35,116.20,182.55,1.034,3.23,3.11,17.72,,317.31,2460735.39
"214869 (2007 PA8)",2.849,0.6530,2.00,141.30,293.85,0.989,4.71,4.81,16.51,,175.77,2459742.82
"215588 (2003 HF2)",1.114,0.6755,3.06,189.88,231.04,0.361,1.87,1.18,19.42,0.488,195.33,2460796.93
"216115 (2006 SU19)",1.527,0.5864,2.09,152.22,10.63,0.632,2.42,1.89,18.94,,92.91,2460422.62
"216258 (2006 WH1)",1.671,0.4849,2.63,240.31,263.68,0.861,2.48,2.16,20.33,,65.58,2460456.71
"216523 (2001 HY7)",0.9136,0.4122,5.21,205.05,211.33,0.537,1.29,0.873,20.70,,90.01,2460520.75
"216985 (2000 QK130)",1.181,0.2620,4.72,173.81,66.40,0.871,1.49,1.28,21.34,,358.14,2460602.93
"217430 (2005 SN25)",1.23,0.2706,13.01,168.27,45.20,0.897,1.56,1.36,19.64,,121.18,2460432.76
"217628 Lugh (1990 HA)",2.527,0.7115,4.44,177.75,316.15,0.729,4.33,4.02,16.68,1.4,160.51,2459946.22
"220839 (2004 VA)",1.901,0.5949,3.69,109.45,43.48,0.770,3.03,2.62,17.46,,180.72,2461077.16
"221455 (2006 BC10)",2.017,0.6577,0.92,21.04,234.30,0.691,3.34,2.87,19.52,,142.51,2460186.23
"221980 (1996 EO)",1.342,0.4008,21.59,356.46,64.69,0.804,1.88,1.55,19.11,0.432,213.52,2460831.45
"226514 (2003 UX34)",1.095,0.6159,2.56,4.30,218.58,0.421,1.77,1.15,20.20,,241.15,2460738.71
"226554 (2003 WR21)",1.118,0.2615,9.27,85.76,108.11,0.826,1.41,1.18,19.62,0.482,123.09,2460452.81
"228368 (2000 WK10)",1.479,0.7020,14.73,57.93,244.51,0.441,2.52,1.8,18.63,,150.90,2460325.13
"230111 (2001 BE10)",0.8231,0.3692,17.51,297.75,30.60,0.519,1.13,0.747,19.28,,42.21,2460568.52
"230549 (2003 BH)",1.457,0.3561,13.11,119.76,313.41,0.938,1.98,1.76,20.78,0.217,158.58,2460317.65
"231937 (2001 FO32)",1.699,0.8258,39.01,181.71,123.36,0.296,3.10,2.21,17.58,0.55,202.09,2460955.29
"232691 (2004 AR1)",1.576,0.4695,9.08,336.51,50.31,0.836,2.32,1.98,19.86,,206.69,2460908.24
"234145 (2000 EW70)",0.9376,0.3213,5.43,178.03,125.77,0.636,1.24,0.908,21.58,0.344,294.52,2460660.81
"235756 (2004 VC)",1.133,0.2589,39.15,194.16,94.18,0.840,1.43,1.21,18.58,1.136,257.83,2460725.57
"242216 (2003 RN10)",2.233,0.5407,39.66,267.16,4.73,1.025,3.44,3.34,15.61,,128.79,2460164.54
"242450 (2004 QY2)",1.084,0.4772,37.03,295.27,104.98,0.567,1.60,1.13,14.65,2.914,234.73,2460743.93
"242643 (2005 NZ6)",1.833,0.8652,8.41,38.79,48.96,0.247,3.42,2.48,17.38,1.989,237.52,2460909.01
"242708 (2005 UK1)",2.501,0.6953,0.79,180.30,345.94,0.762,4.24,3.95,18.12,,238.37,2461088.55
"243566 (1995 SA)",2.463,0.6420,19.58,169.02,54.30,0.882,4.05,3.87,17.37,0.881,255.75,2461009.46
"244977 (2004 BE68)",1.761,0.4446,15.74,210.88,191.28,0.978,2.54,2.34,18.48,0.495,343.49,2460639.64
"247360 (2001 XU)",2.573,0.8366,19.07,260.98,286.06,0.420,4.73,4.13,19.36,,181.52,2461347.99
"250620 (2005 GE59)",2.109,0.6025,16.08,194.74,243.02,0.838,3.38,3.06,18.07,0.654,196.79,2461107.67
"250680 (2005 QC5)",0.893,0.3645,9.45,48.05,108.72,0.568,1.22,0.844,19.63,0.398,64.80,2460545.02
"250706 (2005 RR6)",2.957,0.7011,6.93,27.27,59.96,0.884,5.03,5.09,18.55,0.535,258.29,2461125.23
"251346 (2007 SJ)",2.015,0.5332,8.18,306.76,175.25,0.940,3.09,2.86,16.89,,271.06,2460858.55
"251722 (1997 US2)",1.675,0.6608,3.17,65.89,100.33,0.568,2.78,2.17,19.82,,115.60,2460346.26
"252399 (2001 TX44)",0.8748,0.5459,15.21,57.76,136.04,0.397,1.35,0.818,19.41,0.291,262.54,2460681.40
"253841 (2003 YG118)",2.28,0.6461,8.03,347.42,233.54,0.807,3.75,3.44,17.28,,330.41,2460703.85
"255071 (2005 UH6)",1.001,0.6325,2.64,19.29,200.25,0.368,1.63,1,18.36,,53.56,2460546.06
"260141 (2004 QT24)",1.133,0.2519,17.75,36.10,76.64,0.847,1.42,1.21,18.31,,130.60,2460440.73
"263976 (2009 KD5)",1.046,0.2615,13.47,104.49,294.37,0.773,1.32,1.07,18.40,0.785,26.87,2460571.33
"264357 (2000 AZ93)",0.7469,0.3600,8.59,277.30,8.17,0.478,1.02,0.645,21.17,0.113,311.13,2460632.51
"264993 (2003 DX10)",1.375,0.4108,3.15,61.75,194.06,0.810,1.94,1.61,20.42,,95.46,2460444.36
"265196 (2004 BW58)",1.455,0.3787,15.21,132.61,301.85,0.904,2.01,1.75,18.84,0.361,328.22,2460657.08
"265482 (2005 EE)",1.129,0.3277,6.17,110.78,284.75,0.759,1.50,1.2,21.21,,214.47,2460777.55
"267131 (2000 EK26)",2.41,0.6573,15.65,126.39,305.54,0.826,3.99,3.74,18.21,,240.69,2461053.37
"267221 (2001 AD2)",1.04,0.6598,1.64,210.54,111.95,0.354,1.73,1.06,19.85,0.562,235.31,2460734.69
"267337 (2001 VK5)",1.269,0.5140,19.43,54.22,263.93,0.617,1.92,1.43,18.06,0.439,64.72,2460506.61
"267494 (2002 JB9)",2.719,0.7843,46.76,70.21,278.00,0.586,4.85,4.48,16.18,,341.38,2460685.17
"267720 (2003 CA)",1.379,0.7196,21.15,126.17,234.82,0.387,2.37,1.62,18.93,,185.74,2460886.90
"267729 (2003 FC5)",1.917,0.6087,5.83,188.76,271.26,0.750,3.08,2.65,18.46,,64.82,2460425.95
"269690 (1996 RG3)",2.001,0.6037,3.58,158.05,300.27,0.793,3.21,2.83,18.47,0.888,297.31,2460780.53
"275677 (2000 RS11)",1.28,0.3205,17.10,172.16,301.69,0.870,1.69,1.45,19.22,,146.18,2460385.66
"276033 (2002 AJ129)",1.37,0.9149,15.44,138.01,211.04,0.117,2.62,1.6,18.78,,85.46,2460461.40
"277475 (2005 WK4)",1.011,0.2374,9.84,138.11,74.13,0.771,1.25,1.02,20.22,,83.30,2460514.64
"277570 (2005 YP180)",1.372,0.6170,4.11,288.91,92.47,0.526,2.22,1.61,19.34,0.439,276.63,2460736.49
"279744 (1998 KM3)",1.67,0.6108,4.66,263.02,85.36,0.650,2.69,2.16,19.86,,37.82,2460517.66
"279816 (2000 JE5)",1.238,0.4006,50.74,41.23,285.16,0.742,1.73,1.38,19.27,,202.01,2460821.35
"281375 (2008 JV19)",0.9856,0.2485,7.23,141.96,310.61,0.741,1.23,0.978,20.81,,30.99,2460569.73
"285263 (1998 QE2)",2.421,0.5728,12.88,250.07,345.69,1.034,3.81,3.77,17.28,,9.29,2460564.99
"286080 (2001 TX1)",1.047,0.4825,2.80,159.14,354.18,0.542,1.55,1.07,21.24,,86.91,2460505.97
"288807 (2004 RW164)",1.49,0.3766,36.78,164.93,342.88,0.929,2.05,1.82,18.46,,246.85,2460809.26
"289315 (2005 AN26)",2.32,0.6379,4.92,175.79,208.49,0.840,3.80,3.53,18.51,,238.91,2461034.62
"290772 (2005 VC)",2.085,0.5929,4.49,227.79,290.38,0.849,3.32,3.01,17.47,,27.83,2460515.48
"292220 (2006 SU49)",1.412,0.3117,2.52,303.06,199.10,0.972,1.85,1.68,19.39,,153.84,2460338.65
"294739 (2008 CM)",1.566,0.4080,36.01,279.54,130.69,0.927,2.20,1.96,17.04,0.740,196.87,2460924.83
"297274 (1996 SK)",2.445,0.7905,1.97,195.51,286.33,0.512,4.38,3.82,16.93,1.199,113.57,2460159.87
"297300 (1998 SC15)",1.273,0.4144,16.08,198.68,277.49,0.745,1.80,1.44,19.29,0.320,337.60,2460633.14
"297418 (2000 SP43)",0.8115,0.4669,10.34,350.53,224.46,0.433,1.19,0.731,18.52,0.407,70.52,2460548.19
"301844 (1990 UA)",1.642,0.5260,0.93,104.28,202.58,0.778,2.51,2.1,19.71,0.4,87.51,2460413.60
"302169 (2001 TD45)",0.7966,0.7777,25.37,30.25,212.45,0.177,1.42,0.711,20.00,,199.85,2460716.03
"302831 (2003 FH)",1.389,0.5406,25.80,24.12,274.37,0.638,2.14,1.64,19.12,,5.07,2460592.09
"303450 (2005 BY2)",1.269,0.3306,7.29,74.44,130.28,0.850,1.69,1.43,20.55,0.187,240.46,2460773.91
"304330 (2006 SX217)",1.412,0.3103,21.04,32.60,176.24,0.974,1.85,1.68,18.90,0.780,92.72,2460442.71
"306383 (1993 VD)",0.8758,0.5515,2.07,2.17,254.24,0.393,1.36,0.82,21.49,,6.11,2460595.42
"307005 (2001 XP1)",2.89,0.7528,39.21,268.07,246.31,0.714,5.07,4.91,18.14,,215.45,2461321.11
"308242 (2005 GO21)",0.7533,0.3400,24.93,272.67,156.64,0.497,1.01,0.654,16.27,,164.27,2460491.54
"308635 (2005 YU55)",1.157,0.4305,0.34,35.93,273.56,0.659,1.65,1.24,21.91,0.4,189.35,2460815.93
"310442 (2000 CH59)",0.863,0.4231,3.25,213.44,109.76,0.498,1.23,0.802,19.82,,86.13,2460530.45
"310560 (2001 QL142)",1.049,0.4991,26.60,165.55,72.15,0.526,1.57,1.08,17.80,0.654,267.48,2460701.42
"311044 (2004 BB103)",1.908,0.6220,55.86,271.07,71.49,0.721,3.09,2.63,17.11,,332.19,2460674.84
"311066 (2004 DC)",1.634,0.3996,19.46,74.90,156.37,0.981,2.29,2.09,18.29,,296.12,2460735.84
"312070 (2007 TA19)",0.9539,0.5096,22.63,181.18,58.06,0.468,1.44,0.932,19.41,0.595,176.51,2460433.65
"314082 Dryope (2005 CZ36)",2.235,0.5766,16.18,116.62,139.53,0.946,3.52,3.34,17.50,,272.32,2460897.77
"314212 (2005 NJ1)",2.132,0.6511,6.46,316.16,82.62,0.744,3.52,3.11,18.57,,45.75,2460455.98
"317255 (2002 DJ5)",1.401,0.5678,6.43,347.86,296.19,0.605,2.20,1.66,19.87,,161.26,2460329.25
"325395 (2009 CQ5)",0.9327,0.0914,18.68,278.65,118.24,0.847,1.02,0.901,17.44,,187.75,2460757.93
"326290 Akhenaten (1998 HE3)",0.879,0.4402,3.38,53.44,309.34,0.492,1.27,0.824,21.83,,305.23,2460646.29
"329437 (2002 OA22)",0.9356,0.2432,6.89,174.04,318.64,0.708,1.16,0.905,19.41,,335.65,2460622.86
"329614 (2003 KU2)",2.69,0.6770,5.40,105.21,246.81,0.869,4.51,4.41,17.79,,272.06,2460994.04
"330233 (2006 KV86)",1.543,0.3740,37.08,220.04,153.86,0.966,2.12,1.92,18.82,,90.72,2460424.07
"331876 (2004 CL)",1.284,0.5362,13.31,109.39,274.69,0.596,1.97,1.46,20.56,,123.38,2460418.31
"332446 (2008 AF4)",1.38,0.4101,8.93,109.31,293.35,0.814,1.95,1.62,19.69,,146.62,2460359.30
"333521 (2005 PO)",1.252,0.3731,12.51,300.48,249.55,0.785,1.72,1.4,20.08,,346.44,2460619.78
"333578 (2006 KM103)",1.573,0.3766,11.68,169.45,197.03,0.981,2.17,1.97,20.20,0.204,35.66,2460529.10
"337075 (1998 QC1)",1.984,0.5901,9.65,308.34,115.47,0.813,3.15,2.79,19.81,,101.77,2460312.02
"337558 (2001 SG262)",1.962,0.5829,4.82,359.03,100.26,0.818,3.11,2.75,19.44,,115.78,2460277.76
"341843 (2008 EV5)",0.9602,0.0827,7.45,93.23,235.84,0.881,1.04,0.941,20.05,0.40,63.75,2460539.64
"342866 (2008 YU32)",1.537,0.5955,3.41,232.57,83.97,0.622,2.45,1.91,20.24,,142.65,2460324.67
"344076 (1998 HJ3)",1.985,0.7463,6.56,223.55,94.19,0.504,3.47,2.8,18.99,,137.52,2460210.17
"348306 (2005 AY28)",0.8726,0.5702,5.88,117.47,155.97,0.375,1.37,0.815,21.55,,328.78,2460626.32
"348314 (2005 BC)",1.19,0.2781,30.12,292.45,84.20,0.859,1.52,1.3,18.01,,123.73,2460437.60
"348400 (2005 JF21)",2.226,0.5351,10.84,132.18,206.14,1.035,3.42,3.32,17.35,,270.24,2460902.92
"349068 (2006 YT13)",1.323,0.4258,38.24,116.69,105.45,0.760,1.89,1.52,18.34,0.496,205.04,2460839.70
"349507 (2008 QY)",1.168,0.5817,13.56,1.91,254.90,0.488,1.85,1.26,18.50,,338.34,2460628.24
"350523 (2000 EA14)",1.117,0.2026,3.56,203.83,206.06,0.891,1.34,1.18,21.16,,39.54,2460553.14
"350751 (2002 AW)",1.072,0.2567,0.57,161.76,119.33,0.796,1.35,1.11,20.82,,42.35,2460552.84
"352102 (2007 AG12)",2.09,0.6565,41.97,305.39,68.23,0.718,3.46,3.02,19.35,,354.95,2460615.99
"354182 (2002 DU3)",1.145,0.2383,8.71,0.61,245.59,0.873,1.42,1.23,20.77,,102.40,2460473.14
"356991 (1998 QA1)",2.102,0.5339,8.19,298.85,333.15,0.980,3.22,3.05,19.07,,223.83,2461021.65
"357022 (1999 YG3)",1.285,0.3295,34.52,293.25,250.24,0.861,1.71,1.46,19.07,0.432,318.54,2460661.76
"357024 (1999 YR14)",1.651,0.4000,3.73,2.98,9.70,0.991,2.31,2.12,19.47,0.255,285.74,2460760.40
"357028 (2000 EJ26)",1.383,0.6147,9.23,10.48,285.90,0.533,2.23,1.63,19.46,,347.63,2460620.90
"357439 (2004 BL86)",1.502,0.4025,23.78,126.65,311.51,0.898,2.11,1.84,19.29,,120.93,2460374.57
"357594 (2004 XL35)",1.355,0.2784,27.30,73.75,356.21,0.978,1.73,1.58,19.64,,210.77,2460839.42
"357622 (2005 EY95)",1.084,0.5384,3.17,72.86,342.14,0.500,1.67,1.13,20.32,,197.54,2460786.46
"358471 (2007 NS4)",1.875,0.5972,5.78,10.96,47.58,0.755,2.99,2.57,19.18,,213.25,2460982.75
"358744 (2008 CR118)",1.842,0.5118,3.92,121.42,157.22,0.899,2.78,2.5,18.99,,180.30,2461056.23
"359170 (2009 CN5)",1.545,0.4655,11.91,349.71,53.25,0.826,2.26,1.92,19.95,,97.78,2460410.01
"359369 (2009 YG)",2.15,0.6960,3.38,138.62,67.77,0.654,3.65,3.15,18.52,,237.63,2460991.94
"360191 (1988 TA)",1.54,0.4786,2.53,194.65,105.26,0.803,2.28,1.91,21.08,0.4,329.39,2460659.86
"361754 (2007 YV29)",1.373,0.3568,21.88,59.30,321.87,0.883,1.86,1.61,19.18,,201.77,2460858.87
"363024 (1998 OK1)",1.356,0.4293,13.99,109.64,298.64,0.774,1.94,1.58,19.42,0.558,160.98,2460342.58
"363027 (1998 ST27)",0.8198,0.5298,21.06,197.52,322.43,0.385,1.25,0.742,19.64,0.578,277.29,2460662.79
"363067 (2000 CO101)",1.076,0.0901,15.32,353.03,64.95,0.979,1.17,1.12,19.21,,125.28,2460458.56
"363084 (2000 RD53)",1.787,0.4278,9.28,175.95,192.84,1.022,2.55,2.39,20.21,,24.39,2460541.38
"363116 (2001 GQ2)",1.214,0.5030,21.82,37.11,280.30,0.604,1.83,1.34,20.32,,153.15,2460392.55
"363305 (2002 NV16)",1.239,0.2208,3.50,183.26,179.24,0.965,1.51,1.38,21.41,,12.50,2460583.01
"363344 (2002 QC7)",1.169,0.1960,26.80,336.01,184.47,0.940,1.40,1.26,19.98,,354.54,2460607.50
"363505 (2003 UC20)",0.7812,0.3369,3.78,187.93,60.16,0.518,1.04,0.691,18.47,1.876,266.87,2460665.75
"363599 (2004 FG11)",1.587,0.7236,3.14,83.45,228.81,0.439,2.73,2,21.04,0.152,69.50,2460459.58
"363734 (2004 XN50)",1.681,0.7782,3.31,62.40,253.41,0.373,2.99,2.18,18.82,,55.37,2460478.02
"363790 (2005 JE46)",1.903,0.5523,8.27,238.33,114.77,0.852,2.95,2.63,17.85,,90.46,2460359.54
"363831 (2005 PY16)",1.976,0.5250,6.41,159.31,193.53,0.939,3.01,2.78,19.35,0.371,327.45,2460692.22
"364136 (2006 CJ)",0.6766,0.7548,10.22,303.22,29.67,0.166,1.19,0.557,20.19,,28.55,2460584.38
"365014 (2008 OX2)",1.048,0.6019,6.65,220.11,252.03,0.417,1.68,1.07,20.10,,293.32,2460673.03
"365071 (2009 AV)",1.03,0.0739,45.87,150.73,322.13,0.954,1.11,1.04,18.18,0.674,79.79,2460515.91
"365424 (2010 KX7)",0.9893,0.1709,21.49,46.46,61.93,0.820,1.16,0.984,21.91,0.212,331.91,2460628.55
"366746 (2004 LJ)",1.087,0.4614,18.28,246.69,256.10,0.585,1.59,1.13,20.16,,52.20,2460540.52
"366774 (2004 TB18)",1.815,0.4507,13.20,120.98,13.18,0.997,2.63,2.44,17.87,0.859,10.58,2460574.26
"367248 (2007 MK13)",1.025,0.1397,19.88,95.08,259.97,0.881,1.17,1.04,20.21,0.386,185.35,2460784.25
"367789 (2011 AG5)",1.424,0.3882,3.69,135.59,54.05,0.871,1.98,1.7,21.77,,336.11,2460641.69
"368203 (2001 KO2)",2.479,0.6177,12.46,242.30,328.84,0.948,4.01,3.9,20.56,,339.25,2460682.71
"368565 (2004 FE5)",1.245,0.6005,18.30,189.40,243.47,0.497,1.99,1.39,20.09,,337.80,2460631.80
"369057 (2008 DK5)",1.555,0.6151,4.27,345.62,81.00,0.598,2.51,1.94,21.32,,237.26,2460841.91
"369264 (2009 MS)",2.005,0.5700,52.38,252.05,219.54,0.862,3.15,2.84,16.34,1.515,269.44,2460861.37
"371660 (2007 CN26)",1.292,0.2693,7.59,159.27,135.69,0.944,1.64,1.47,21.11,0.230,231.68,2460791.79
"373135 (2011 SD173)",1.653,0.4974,4.39,203.12,59.49,0.831,2.48,2.13,19.52,1.050,122.83,2460335.66
"374038 (2004 HW)",2.691,0.6353,0.83,219.87,62.78,0.981,4.40,4.41,17.20,,223.39,2461212.34
"374158 (2004 UL)",1.266,0.9266,23.85,39.47,149.68,0.093,2.44,1.43,18.67,,319.04,2460659.72
"374851 (2006 VV2)",2.387,0.6054,23.73,9.82,145.04,0.942,3.83,3.69,16.72,,280.26,2460898.79
"374855 (2006 VQ13)",1.099,0.4458,16.70,233.68,73.80,0.609,1.59,1.15,20.11,,251.14,2460727.81
"375054 (2007 PF6)",1.298,0.4164,25.60,316.33,251.27,0.758,1.84,1.48,20.81,,279.71,2460721.01
"375103 (2007 TD71)",1.286,0.2799,49.75,49.58,220.75,0.926,1.65,1.46,18.50,,308.16,2460677.22
"377097 (2002 WQ4)",1.958,0.5564,3.94,266.87,244.62,0.869,3.05,2.74,19.69,,320.91,2460709.15
"377732 (2005 XJ8)",1.931,0.6204,23.56,115.79,67.46,0.733,3.13,2.68,17.07,0.986,337.57,2460661.60
"378160 (2006 WX1)",0.9165,0.3003,11.64,327.96,290.95,0.641,1.19,0.877,19.68,,314.59,2460640.93
"378358 (2007 LD)",1.726,0.4393,16.51,226.16,316.98,0.968,2.48,2.27,19.32,,257.82,2460835.58
"380636 (2004 XN14)",0.9314,0.2666,10.74,120.82,115.75,0.683,1.18,0.899,19.76,,265.58,2460686.61
"380981 (2006 SU131)",1.727,0.3954,9.66,107.37,167.73,1.044,2.41,2.27,18.69,,41.04,2460505.99
"381906 (2010 CL19)",1.543,0.6455,7.31,243.78,76.82,0.547,2.54,1.92,17.80,0.520,271.11,2460773.32
"382395 (1990 SM)",2.106,0.7639,11.61,136.17,107.74,0.497,3.71,3.06,16.46,,81.91,2460346.48
"382406 (1996 AJ1)",1.31,0.7814,2.54,90.94,238.33,0.286,2.33,1.5,20.57,,121.03,2460416.31
"382745 (2003 CC)",1.501,0.3268,2.32,136.29,103.24,1.010,1.99,1.84,20.41,,225.18,2460851.97
"382758 (2003 GY)",1.38,0.3172,4.67,321.79,334.15,0.942,1.82,1.62,20.19,,36.00,2460541.29
"382825 (2003 XB22)",1.405,0.3935,29.96,108.76,118.29,0.852,1.96,1.67,19.30,,94.91,2460440.08
"385186 (1994 AW1)",1.105,0.0755,24.10,290.34,37.13,1.022,1.19,1.16,17.64,0.811,315.17,2460653.33
"385252 (2001 EB18)",1.053,0.1837,50.06,155.46,101.92,0.860,1.25,1.08,19.41,,231.63,2460741.23
"385343 (2002 LV)",2.314,0.6052,29.53,132.15,224.23,0.914,3.72,3.52,16.56,1.359,100.45,2460241.68
"385605 (2005 EJ225)",1.706,0.5736,8.86,341.99,290.71,0.728,2.68,2.23,18.95,,230.95,2460892.29
"386454 (2008 XM)",1.222,0.9093,5.45,240.61,27.39,0.111,2.33,1.35,20.03,0.367,301.03,2460681.34
"386847 (2010 LR33)",1.692,0.4625,5.83,352.07,333.22,0.909,2.47,2.2,18.06,0.663,169.15,2460222.89
"387505 (1998 KN3)",1.542,0.8734,2.29,313.24,71.25,0.195,2.89,1.92,18.78,1.060,248.78,2460816.61
"387668 (2002 SZ)",1.297,0.4335,22.89,346.84,276.56,0.735,1.86,1.48,20.51,,22.88,2460566.20
"387746 (2003 MH4)",1.964,0.5133,3.90,259.55,323.53,0.956,2.97,2.75,20.10,0.366,287.43,2460803.22
"388188 (2006 DP14)",1.365,0.7762,11.77,317.11,59.34,0.305,2.42,1.59,19.00,,277.05,2460734.67
"388945 (2008 TZ3)",1.592,0.3919,8.69,43.95,219.68,0.968,2.22,2.01,20.45,,61.87,2460474.37
"389694 (2011 QD48)",1.545,0.4921,19.07,358.79,106.79,0.785,2.31,1.92,18.20,0.451,216.68,2460879.82
"390725 (2003 HB)",0.8497,0.3805,18.11,70.36,306.76,0.526,1.17,0.783,19.70,0.293,347.31,2460610.58
"390929 (2005 GP21)",1.308,0.2246,18.80,9.99,1.42,1.014,1.60,1.5,20.44,,195.68,2460849.98
"391211 (2006 HZ51)",1.897,0.4502,12.41,84.26,193.34,1.043,2.75,2.61,18.48,0.412,347.22,2460634.38
"395207 (2010 HQ80)",1.568,0.4893,27.85,218.47,66.30,0.801,2.34,1.96,19.62,0.724,79.78,2460441.56
"398188 Agni (2010 LE15)",0.8646,0.2733,13.25,134.18,328.62,0.628,1.10,0.804,19.33,0.462,122.49,2460500.59
"399457 (2002 PD43)",2.507,0.9563,25.94,315.04,210.99,0.110,4.90,3.97,19.30,,223.99,2461148.34
"399774 (2005 NB7)",2.044,0.5174,12.70,199.16,348.16,0.987,3.10,2.92,18.80,,237.64,2460963.35
"401856 (2000 KW43)",1.452,0.4779,24.27,82.62,63.60,0.758,2.15,1.75,20.27,,18.63,2460567.41
"401954 (2002 RW25)",0.8245,0.2866,1.35,92.00,72.06,0.588,1.06,0.749,18.89,,30.54,2460577.31
"403775 (2011 HS4)",0.9383,0.6801,5.46,117.48,314.28,0.300,1.58,0.909,20.90,,27.41,2460575.22
"405212 (2003 QC10)",1.373,0.7313,5.04,359.96,120.87,0.369,2.38,1.61,18.04,,17.92,2460571.23
"405762 (2005 YO180)",1.481,0.4480,5.77,7.72,87.75,0.817,2.14,1.8,20.29,,181.60,2460926.70
"406213 (2007 AB2)",1.919,0.5457,1.46,126.84,280.93,0.872,2.97,2.66,20.34,,265.78,2460854.65
"408792 (2000 GF2)",1.341,0.3777,9.63,176.01,108.10,0.834,1.85,1.55,20.56,,243.93,2460783.29
"409836 (2006 QY110)",1.924,0.5741,6.40,222.61,221.63,0.819,3.03,2.67,18.07,0.554,261.88,2460866.21
"410627 (2008 RG1)",1.316,0.4431,13.09,347.79,257.45,0.733,1.90,1.51,20.89,,298.99,2460693.96
"410778 (2009 FG19)",2.912,0.7191,54.50,187.51,120.40,0.818,5.01,4.97,18.14,1.457,17.41,2460512.73
"412983 (1996 FO3)",1.442,0.2900,5.81,333.54,162.82,1.024,1.86,1.73,20.16,,204.67,2460873.38
"413260 (2003 TL4)",0.7768,0.3814,12.19,220.00,321.98,0.481,1.07,0.685,19.56,,114.35,2460521.08
"413577 (2005 UL5)",0.9362,0.5697,14.32,58.86,127.80,0.403,1.47,0.906,20.34,,237.61,2460712.98
"413989 (2007 EL88)",1.12,0.5218,30.84,198.44,116.16,0.535,1.70,1.18,19.07,,235.72,2460749.87
"414286 (2008 OC6)",0.9231,0.1992,21.85,177.57,295.86,0.739,1.11,0.887,18.59,0.369,11.73,2460589.95
"414287 (2008 OB9)",3.203,0.7597,13.50,202.70,238.56,0.770,5.64,5.73,17.73,1.974,262.76,2461165.96
"414990 (2011 EM51)",1.321,0.3353,1.86,134.15,142.26,0.878,1.76,1.52,21.90,,285.47,2460715.35
"415029 (2011 UL21)",2.123,0.6536,34.89,275.32,285.00,0.735,3.51,3.09,15.94,,50.22,2460442.90
"415713 (1998 XX2)",0.7411,0.3677,6.97,74.38,153.09,0.469,1.01,0.638,20.00,,53.40,2460565.94
"415745 (2000 GV147)",1.747,0.4570,10.56,68.64,216.11,0.948,2.54,2.31,19.34,,194.22,2460988.75
"416151 (2002 RQ25)",1.112,0.3064,4.57,10.46,225.74,0.771,1.45,1.17,20.68,,34.37,2460559.62
"416195 (2002 TR190)",1.077,0.1599,26.92,24.21,104.79,0.905,1.25,1.12,19.44,,171.49,2460406.05
"416591 (2004 LC2)",1.865,0.7347,10.98,84.25,290.72,0.495,3.24,2.55,18.66,,333.82,2460668.15
"416801 (2005 GC120)",1.193,0.4974,16.54,67.93,258.31,0.600,1.79,1.3,19.65,0.906,273.19,2460715.34
"417211 (2005 XL80)",1.727,0.4872,10.91,53.31,143.78,0.886,2.57,2.27,18.25,,63.13,2460455.13
"417217 (2005 YS)",0.7111,0.5504,19.60,288.59,327.92,0.320,1.10,0.6,19.52,,331.29,2460617.97
"417419 (2006 KL21)",1.199,0.1274,9.35,117.19,214.19,1.046,1.35,1.31,20.92,,281.96,2460704.47
"417612 (2006 WQ29)",1.601,0.3938,8.07,111.97,136.61,0.971,2.23,2.03,18.44,,114.76,2460364.59
"417634 (2006 XG1)",2.458,0.5958,20.50,38.46,344.14,0.994,3.92,3.85,18.57,0.418,232.29,2461099.94
"417816 (2007 FA)",1.25,0.2657,16.33,156.40,135.44,0.918,1.58,1.4,20.27,,132.23,2460412.98
"417871 (2007 MB24)",1.876,0.6999,47.71,271.11,269.13,0.563,3.19,2.57,18.32,,288.97,2460785.70
"417949 (2007 TB23)",1.262,0.1977,38.29,40.10,173.86,1.013,1.51,1.42,18.74,,173.05,2460351.57
"418094 (2007 WV4)",1.486,0.4407,38.34,249.86,297.67,0.831,2.14,1.81,19.67,0.890,50.43,2460507.78
"418135 (2008 AG33)",1.459,0.3367,16.01,38.29,155.54,0.968,1.95,1.76,19.36,,156.61,2460320.54
"418416 (2008 LV16)",2.089,0.6255,4.72,236.47,121.97,0.782,3.40,3.02,20.30,,125.34,2460216.59
"418849 (2008 WM64)",1.006,0.1064,33.52,91.43,256.77,0.899,1.11,1.01,20.47,,5.97,2460594.39
"419472 (2010 DW1)",1.225,0.2002,23.77,157.11,9.65,0.980,1.47,1.36,19.99,0.459,286.45,2460701.69
"419624 (2010 SO16)",1.004,0.0754,14.51,40.35,109.24,0.928,1.08,1.01,20.44,0.357,202.51,2460761.22
"419880 (2011 AH37)",2.548,0.6721,9.66,102.04,322.40,0.836,4.26,4.07,19.83,0.982,156.59,2459954.17
"420210 (2011 HF)",1.284,0.2346,10.62,204.88,149.66,0.982,1.58,1.45,20.44,,327.18,2460648.92
"422686 (2000 AC6)",0.8537,0.2864,4.70,101.36,188.07,0.609,1.10,0.789,21.63,0.176,335.02,2460620.49
"422699 (2000 PD3)",1.999,0.5920,7.70,298.64,110.23,0.815,3.18,2.83,18.28,0.619,171.27,2460109.53
"422787 (2001 WS1)",2.591,0.6184,13.24,1.29,5.23,0.989,4.19,4.17,17.03,,175.00,2459859.76
"423321 (2005 ED318)",1.85,0.4501,2.39,82.04,164.35,1.018,2.68,2.52,20.90,0.202,255.47,2460867.42
"423709 (2006 BQ6)",1.472,0.4049,13.00,307.62,304.80,0.876,2.07,1.79,19.75,,96.61,2460425.48
"424482 (2008 DG5)",1.255,0.2426,5.71,244.01,59.72,0.951,1.56,1.41,19.68,,166.89,2460362.32
"425755 (2011 CP4)",0.9116,0.8703,9.47,147.98,159.93,0.118,1.71,0.87,21.16,,146.37,2460471.23
"428209 (2006 VC)",1.942,0.4920,12.25,87.53,19.22,0.986,2.90,2.71,20.12,,207.28,2461019.78
"429094 (2009 SG2)",1.121,0.1702,25.98,9.07,252.98,0.930,1.31,1.19,20.06,,327.80,2460639.27
"429584 (2011 EU29)",2.503,0.6999,2.57,177.14,251.23,0.751,4.25,3.96,19.80,,175.49,2459895.42
"430440 (2000 OH)",2.421,0.5931,18.75,283.62,355.55,0.985,3.86,3.77,17.67,,156.99,2460000.60
"430544 (2002 GM2)",2.201,0.8068,3.35,338.95,84.77,0.425,3.98,3.26,18.76,,355.67,2460614.85
"430804 (2005 AD13)",1.949,0.7549,12.38,102.74,263.66,0.478,3.42,2.72,17.89,,115.72,2460280.93
"433953 (1997 XR2)",1.076,0.2008,7.19,250.66,84.65,0.860,1.29,1.12,20.96,0.259,91.54,2460496.81
"434096 (2002 GO5)",1.896,0.7679,13.77,22.60,65.35,0.440,3.35,2.61,18.15,0.528,244.76,2460905.69
"434188 (2003 AD23)",1.645,0.7627,23.34,101.48,241.67,0.390,2.90,2.11,19.09,,152.29,2460274.45
"434196 (2003 HG2)",1.062,0.1346,19.78,214.24,225.40,0.919,1.21,1.09,21.61,,345.51,2460616.60
"434326 (2004 JG6)",0.6352,0.5311,18.94,37.01,353.01,0.298,0.97,0.506,18.48,,336.94,2460612.34
"434633 (2005 WB1)",1.264,0.3554,22.88,61.41,265.73,0.815,1.71,1.42,20.67,0.310,164.11,2460363.91
"434677 (2006 BZ7)",1.49,0.3665,68.42,262.95,188.79,0.944,2.04,1.82,17.46,,101.09,2460413.94
"434734 (2006 FX)",1.495,0.4380,24.64,181.15,299.49,0.840,2.15,1.83,20.02,,83.19,2460446.22
"435159 (2007 LQ19)",2.605,0.6299,17.06,110.83,207.69,0.964,4.25,4.21,17.14,,40.28,2460428.63
"435548 (2008 QT3)",2.012,0.5285,7.25,271.90,160.98,0.949,3.08,2.85,18.87,,196.12,2461075.11
"436329 (2010 GX62)",2.971,0.6990,21.83,206.93,317.00,0.894,5.05,5.12,20.09,0.622,316.16,2460828.26
"436671 (2011 SV71)",2.628,0.6102,13.42,80.59,190.53,1.025,4.23,4.26,18.00,2.159,63.01,2460328.10
"436724 (2011 UW158)",1.621,0.3765,4.57,285.95,8.82,1.010,2.23,2.06,19.98,,174.09,2460236.11
"436774 (2012 KY3)",1.232,0.4864,21.39,21.51,87.25,0.633,1.83,1.37,18.41,,78.98,2460490.99
"437841 (1998 HD14)",0.9633,0.3126,7.81,183.76,260.91,0.662,1.26,0.945,21.00,,94.39,2460509.96
"437844 (1999 MN)",0.674,0.6654,2.03,81.42,9.18,0.226,1.12,0.553,21.19,,115.02,2460535.92
"437905 (2001 XU30)",2.198,0.6637,8.93,72.00,107.12,0.739,3.66,3.26,19.98,,348.02,2460640.08
"438105 (2005 GO22)",1.914,0.8234,1.56,61.76,19.09,0.338,3.49,2.65,18.77,,153.06,2460189.22
"438661 (2008 EP6)",1.209,0.2932,17.72,303.22,130.30,0.855,1.56,1.33,19.23,,231.82,2460773.38
"438908 (2009 XO)",1.859,0.5434,0.35,27.95,140.52,0.849,2.87,2.53,20.63,,287.57,2460786.76
"438955 (2010 LN14)",1.154,0.4746,1.47,342.96,33.25,0.606,1.70,1.24,21.01,,138.77,2460426.01
"439313 (2012 VE82)",2.11,0.5437,9.92,110.40,186.45,0.963,3.26,3.07,19.66,,12.64,2460561.17
"439437 (2013 NK4)",1.023,0.5499,6.55,33.70,50.57,0.460,1.58,1.03,18.94,,233.00,2460733.75
"439877 (1999 XM141)",1.236,0.3691,21.62,72.98,105.80,0.780,1.69,1.37,19.69,,337.80,2460631.46
"440212 (2004 OB)",1.681,0.4304,3.44,174.52,223.35,0.957,2.40,2.18,18.96,,55.29,2460478.27
"441641 (2008 WZ13)",1.995,0.5625,8.20,51.73,133.93,0.873,3.12,2.82,18.62,,165.73,2460126.69
"441987 (2010 NY65)",1.003,0.3701,11.54,267.92,252.07,0.632,1.37,1.01,21.36,0.228,175.65,2460421.36
"442037 (2010 PR66)",2.927,0.6872,17.60,292.75,319.52,0.916,4.94,5.01,19.27,0.695,310.29,2460853.09
"442523 (2011 WU95)",1.667,0.4245,6.72,67.67,242.41,0.959,2.37,2.15,19.51,,75.48,2460435.68
"443103 (2013 WT67)",1.035,0.1922,21.47,322.75,99.03,0.836,1.23,1.05,17.97,,159.08,2460430.58
"443806 (1998 FL3)",1.26,0.2478,26.39,180.10,121.34,0.948,1.57,1.41,21.72,0.288,192.54,2460840.80
"443880 (2001 UZ16)",1.76,0.4263,12.67,323.10,28.63,1.010,2.51,2.34,19.38,0.228,320.12,2460695.00
"444004 (2004 AS1)",1.07,0.1744,17.21,322.53,262.12,0.884,1.26,1.11,20.67,,174.80,2460404.07
"444193 (2005 SE71)",1.069,0.1944,24.83,39.10,78.29,0.862,1.28,1.11,18.19,0.437,22.73,2460574.99
"444584 (2006 UK)",1.494,0.5389,4.75,243.92,252.35,0.689,2.30,1.83,20.25,,255.97,2460793.22
"445305 (2010 DM56)",1.306,0.2927,25.60,349.61,48.17,0.924,1.69,1.49,19.71,0.762,350.69,2460614.61
"445974 (2013 BJ18)",1.478,0.3640,3.71,90.82,159.61,0.940,2.02,1.8,20.29,,98.51,2460420.94
"446791 (1998 SJ70)",2.237,0.7056,7.30,21.43,246.99,0.659,3.82,3.35,18.52,,304.35,2460789.45
"446862 (2001 VB76)",1.459,0.3483,4.24,259.39,248.50,0.951,1.97,1.76,20.54,,307.50,2460694.35
"447755 (2007 JX2)",1.708,0.5261,4.22,44.31,87.95,0.810,2.61,2.23,19.77,,320.24,2460690.58
"448003 (2008 DE)",1.714,0.4140,14.77,55.91,179.20,1.005,2.42,2.24,19.64,,114.00,2460340.92
"448721 (2011 BN24)",1.544,0.4125,3.94,195.74,61.85,0.907,2.18,1.92,20.98,,328.23,2460662.35
"450142 (1998 XN2)",1.998,0.5420,1.79,255.19,127.00,0.915,3.08,2.82,19.88,,66.15,2460410.93
"450263 (2003 WD158)",1.426,0.4091,16.73,92.20,102.39,0.843,2.01,1.7,18.85,,17.09,2460570.96
"450270 (2004 AE)",1.432,0.3326,18.72,307.56,193.19,0.955,1.91,1.71,20.60,,30.60,2460547.32
"450293 (2004 LV3)",1.231,0.2757,35.34,273.47,121.35,0.892,1.57,1.37,18.83,,237.45,2460770.40
"450300 (2004 QD14)",0.9417,0.3378,6.25,75.25,109.35,0.624,1.26,0.914,20.67,,125.12,2460484.50
"450894 (2008 BT18)",2.22,0.5946,8.15,107.53,139.40,0.900,3.54,3.31,18.17,,338.58,2460672.38
"451003 (2008 UD1)",1.716,0.4637,6.48,154.19,6.69,0.920,2.51,2.25,19.53,,308.36,2460718.23
"451124 (2009 KC3)",3.209,0.6984,10.01,340.11,337.28,0.968,5.45,5.75,18.08,2.188,231.75,2461348.39
"451157 (2009 SQ104)",1.285,0.2795,4.02,56.52,95.68,0.926,1.64,1.46,21.13,,352.48,2460611.60
"451297 (2010 TK54)",1.84,0.4960,30.79,28.14,223.01,0.927,2.75,2.5,19.19,,316.01,2460711.90
"451370 (2011 AK5)",1.188,0.2308,5.52,316.78,325.69,0.914,1.46,1.29,21.48,,57.90,2460524.44
"452302 (1995 YR1)",1.698,0.8268,3.58,106.52,110.04,0.294,3.10,2.21,20.23,,335.76,2460654.93
"452376 (2002 AC5)",1.76,0.4937,16.55,82.37,331.72,0.891,2.63,2.34,19.97,,290.44,2460765.30
"452807 (2006 KV89)",1.15,0.2726,3.55,71.69,87.81,0.836,1.46,1.23,21.52,,19.64,2460575.92
"453563 (2010 BB)",0.8201,0.2775,10.02,279.70,29.00,0.592,1.05,0.743,20.24,,82.29,2460538.49
"453707 (2010 XY72)",1.133,0.2287,31.48,34.42,307.01,0.874,1.39,1.21,18.73,0.495,210.45,2460783.52
"453729 (2011 BO24)",1.381,0.2780,20.37,91.47,178.61,0.997,1.76,1.62,18.81,,40.06,2460534.57
"453778 (2011 JK)",1.911,0.4646,6.70,203.31,11.10,1.023,2.80,2.64,18.52,,22.86,2460539.24
"454094 (2013 BZ45)",1.015,0.1448,11.85,131.05,98.76,0.868,1.16,1.02,21.87,0.167,96.20,2460500.69
"454100 (2013 BO73)",1.331,0.4182,4.54,24.78,298.15,0.775,1.89,1.54,20.18,0.548,356.14,2460606.52
"454101 (2013 BP73)",1.328,0.6287,6.85,80.03,251.89,0.493,2.16,1.53,20.45,,323.38,2460657.40
"455148 (1994 UG)",1.239,0.2929,5.21,13.60,225.47,0.876,1.60,1.38,21.12,,42.93,2460540.41
"455176 (1999 VF22)",1.313,0.7388,3.92,3.22,271.98,0.343,2.28,1.5,20.70,,243.48,2460778.29
"455184 (2000 ED14)",0.835,0.5666,13.78,3.87,310.12,0.362,1.31,0.763,21.23,,2.21,2460598.79
"455299 (2002 EL6)",2.304,0.5779,9.53,84.87,186.71,0.972,3.64,3.5,18.05,0.537,145.71,2460083.50
"455687 (2005 EK94)",1.978,0.4805,14.19,103.00,154.96,1.027,2.93,2.78,19.29,,345.29,2460642.00
"456938 (2007 YV56)",1.576,0.6221,6.24,102.36,265.75,0.596,2.56,1.98,21.02,,203.84,2460914.09
"457662 (2009 DZ)",1.453,0.3021,14.11,151.44,335.89,1.014,1.89,1.75,22.00,,349.33,2460619.47
"457768 (2009 KN4)",1.941,0.5247,9.14,308.21,38.35,0.923,2.96,2.7,18.39,,219.58,2460985.73
"458116 (2010 DA)",1.03,0.5657,20.54,162.31,122.24,0.447,1.61,1.05,20.29,,285.48,2460679.57
"458122 (2010 EW45)",2.067,0.6690,2.12,232.92,135.58,0.684,3.45,2.97,17.61,,353.60,2460619.80
"458418 (2011 AM12)",1.854,0.5377,38.50,124.76,237.74,0.857,2.85,2.53,19.47,,199.81,2461010.90
"458436 (2011 AL52)",2.802,0.6363,13.44,272.70,171.76,1.019,4.59,4.69,17.45,1.102,325.38,2460765.29
"458723 (2011 KQ12)",1.811,0.5030,19.29,83.61,142.91,0.900,2.72,2.44,19.48,,174.35,2460169.56
"459683 (2013 MY5)",1.662,0.4532,3.00,102.88,279.04,0.909,2.41,2.14,19.79,0.269,61.87,2460466.01
"461852 (2006 GY2)",1.858,0.4959,30.56,54.29,216.73,0.937,2.78,2.53,18.90,,87.41,2460375.83
"462238 (2008 CN1)",0.7707,0.3477,7.22,331.46,7.26,0.503,1.04,0.677,20.66,0.227,26.27,2460582.47
"462550 (2009 CB3)",1.065,0.7237,21.50,158.73,229.52,0.294,1.84,1.1,19.63,,148.11,2460435.36
"462959 (2011 DU)",1.172,0.3178,2.95,176.87,120.20,0.799,1.54,1.27,21.11,,164.01,2460389.49
"463387 (2013 CT82)",2.085,0.6248,1.80,271.38,90.54,0.782,3.39,3.01,18.43,,30.03,2460508.80
"465617 (2009 EK1)",1.241,0.2290,9.12,358.38,21.87,0.957,1.53,1.38,21.36,,230.00,2460782.83
"465633 (2009 JR5)",1.252,0.3514,3.95,128.18,309.95,0.812,1.69,1.4,20.44,,139.11,2460402.68
"465824 (2010 FR)",1.131,0.3654,14.24,167.27,272.73,0.718,1.54,1.2,21.69,,98.40,2460480.36
"465826 (2010 GA24)",2.097,0.5468,7.68,30.66,237.57,0.950,3.24,3.04,21.09,0.150,261.43,2460904.10
"465892 (2010 UT7)",1.584,0.6605,25.43,65.75,277.34,0.538,2.63,1.99,19.70,,28.06,2460543.77
"466130 (2012 FZ23)",2.483,0.6104,75.62,179.33,358.13,0.967,4.00,3.91,18.25,,71.08,2460318.41
"466508 (2014 GY48)",1.61,0.4187,39.63,37.62,212.80,0.936,2.28,2.04,18.72,,29.81,2460538.72
"467309 (1996 AW1)",1.534,0.5181,4.77,117.51,229.45,0.739,2.33,1.9,19.95,,90.28,2460426.44
"467317 (2000 QW7)",1.949,0.4687,4.15,158.55,190.99,1.035,2.86,2.72,19.83,,314.00,2460727.46
"467336 (2002 LT38)",0.8452,0.3137,6.18,259.27,162.78,0.580,1.11,0.777,20.61,,120.77,2460505.28
"467351 (2003 KO2)",0.7277,0.5108,23.49,215.47,204.04,0.356,1.10,0.621,20.36,,351.18,2460606.06
"467460 (2006 JF42)",0.6715,0.5819,5.94,40.83,17.80,0.281,1.06,0.55,19.05,,307.85,2460629.62
"468005 (2012 XD112)",1.323,0.3658,3.72,97.77,76.79,0.839,1.81,1.52,21.18,,234.88,2460793.70
"468468 (2004 KH17)",0.7121,0.4982,22.13,79.12,340.72,0.357,1.07,0.601,21.98,0.197,176.08,2460493.14
"468727 (2010 JE87)",0.9042,0.4370,16.91,120.47,242.31,0.509,1.30,0.86,20.77,0.308,194.33,2460745.02
"468910 (2014 KQ76)",1.007,0.4233,4.77,127.63,325.15,0.581,1.43,1.01,21.67,,232.41,2460731.40
"469896 (2005 WC1)",1.401,0.4865,19.98,264.94,256.82,0.719,2.08,1.66,20.67,,102.44,2460428.23
"470310 (2007 LB15)",0.9383,0.3952,25.19,262.77,237.36,0.568,1.31,0.909,19.61,,128.01,2460482.44
"471240 (2011 BT15)",1.293,0.3024,1.66,105.35,308.81,0.902,1.68,1.47,21.70,,147.30,2460380.81
"471241 (2011 BX18)",2.872,0.7312,14.62,310.56,304.22,0.772,4.97,4.87,18.58,1.451,253.95,2461124.06
"471323 (2011 KW15)",1.17,0.4938,23.66,283.35,97.52,0.592,1.75,1.27,19.39,,143.20,2460416.69
"471926 Jormungandr (2013 KN6)",1.466,0.8508,23.54,229.42,232.53,0.219,2.71,1.77,18.62,,183.06,2460919.08
"474158 (1999 FA)",1.078,0.1327,12.03,166.08,296.99,0.935,1.22,1.12,20.71,,5.21,2460594.58
"474163 (1999 SO5)",1.086,0.0653,13.37,196.06,359.70,1.015,1.16,1.13,20.99,,214.77,2460767.25
"474231 (2001 HZ7)",1.47,0.4983,5.43,156.28,312.87,0.737,2.20,1.78,20.01,,112.39,2460397.34
"475534 (2006 TS7)",0.9467,0.5803,5.50,225.14,300.05,0.397,1.50,0.921,21.25,,111.86,2460495.96
"476601 (2008 SE85)",1.626,0.5251,29.61,177.42,294.90,0.772,2.48,2.07,19.80,,228.98,2460876.02
"477162 (2009 ES)",1.436,0.3293,30.33,343.71,311.18,0.963,1.91,1.72,20.71,,280.63,2460739.08
"477465 (2009 XZ1)",0.8557,0.5339,8.16,81.97,153.01,0.399,1.31,0.792,21.71,,149.53,2460480.41
"477519 (2010 DJ56)",1.25,0.2453,34.84,149.91,309.28,0.943,1.56,1.4,19.15,0.321,231.65,2460782.48
"478574 (2012 TS78)",1.608,0.3818,32.67,8.27,196.78,0.994,2.22,2.04,18.61,,123.69,2460344.58
"480808 (1994 XL1)",0.6709,0.5262,28.17,252.65,356.58,0.318,1.02,0.55,20.64,,319.43,2460623.12
"480820 (1998 VF32)",0.8508,0.4438,23.75,236.25,320.96,0.473,1.23,0.785,20.97,,264.19,2460676.79
"480822 (1998 YM4)",1.477,0.7196,3.43,341.75,344.56,0.414,2.54,1.79,19.66,,176.01,2460280.05
"480858 (2001 PT9)",1.468,0.4552,7.18,329.97,261.65,0.800,2.14,1.78,20.96,,51.99,2460506.69
"480883 (2001 YE4)",0.6769,0.5404,4.85,305.32,318.98,0.311,1.04,0.557,20.92,,205.22,2460687.95
"480936 (2003 QH5)",1.26,0.2202,17.62,299.21,321.16,0.982,1.54,1.41,20.26,0.537,27.81,2460560.62
"481394 (2006 SF6)",0.9501,0.2805,5.84,227.96,305.58,0.684,1.22,0.926,19.97,,21.90,2460579.92
"481457 (2006 XD2)",1.267,0.4251,3.56,65.59,109.53,0.728,1.81,1.43,21.12,,136.97,2460402.40
"481482 (2007 CA19)",2.808,0.8215,9.60,169.92,102.60,0.501,5.12,4.71,17.58,,256.19,2461096.14
"481532 (2007 LE)",1.839,0.5157,29.55,73.62,120.28,0.890,2.79,2.49,19.62,,4.16,2460589.98
"481817 (2008 UL90)",0.695,0.3799,24.31,81.13,183.67,0.431,0.96,0.579,18.61,,2.40,2460599.09
"482250 (2011 LL2)",1.134,0.0965,24.68,68.23,163.63,1.025,1.24,1.21,20.17,,38.75,2460553.02
"482344 (2011 WL15)",1.352,0.2819,18.39,72.91,170.72,0.971,1.73,1.57,19.66,,234.60,2460800.52
"482467 (2012 LK9)",2.512,0.6197,10.14,61.84,314.59,0.955,4.07,3.98,17.93,,350.14,2460640.32
"482488 (2012 SW20)",2.462,0.6785,10.16,209.59,62.39,0.791,4.13,3.86,19.77,,63.97,2460349.83
"482650 (2013 BK18)",1.626,0.4947,28.88,137.69,64.68,0.822,2.43,2.07,19.68,,217.81,2460899.75
"482766 (2013 GF69)",1.967,0.4976,10.01,174.89,153.19,0.988,2.95,2.76,19.45,,357.04,2460608.77
"482796 (2013 QJ10)",0.9592,0.4251,18.15,327.43,243.87,0.551,1.37,0.939,19.60,,31.68,2460570.30
"482798 (2013 QK48)",1.586,0.8298,18.97,141.41,47.18,0.270,2.90,2,18.36,,269.75,2460783.32
"483422 (2000 CE59)",1.138,0.1668,12.26,318.62,307.53,0.948,1.33,1.21,20.53,,16.23,2460580.52
"483423 (2000 DO1)",1.43,0.6818,3.46,335.78,302.82,0.455,2.41,1.71,20.53,,110.43,2460408.90
"483432 (2001 DF47)",1.215,0.3708,18.47,146.62,260.28,0.765,1.67,1.34,20.44,,293.85,2460690.40
"483508 (2003 CR1)",1.453,0.4628,12.72,310.93,101.97,0.780,2.12,1.75,20.02,0.202,179.82,2460281.09
"483560 (2004 BV1)",1.463,0.3673,12.16,96.74,223.28,0.926,2.00,1.77,19.26,,16.85,2460570.24
"483989 (2006 CY10)",1.96,0.4841,6.77,32.50,167.39,1.011,2.91,2.74,20.40,,274.89,2460837.50
"484402 (2007 XH16)",1.187,0.2348,27.43,91.27,58.32,0.908,1.47,1.29,19.68,0.452,323.00,2460649.04
"484506 (2008 ER7)",1.486,0.6241,2.24,323.41,81.04,0.559,2.41,1.81,20.16,,117.92,2460383.66
"484517 (2008 EC69)",2.752,0.6194,24.84,93.22,178.15,1.047,4.46,4.57,17.18,,208.03,2461304.48
"484976 (2009 UN3)",2.328,0.5756,37.43,141.96,338.75,0.988,3.67,3.55,18.52,,54.94,2460402.55
"485652 (2011 WO41)",3.024,0.7292,20.14,111.08,126.39,0.819,5.23,5.26,16.60,,150.80,2459796.00
"487577 (2014 YQ15)",0.9638,0.2358,10.92,81.83,252.34,0.737,1.19,0.946,21.08,,230.94,2460724.39
"488453 (1994 XD)",2.344,0.7337,4.33,96.02,249.55,0.624,4.06,3.59,19.24,,122.74,2460153.65
"488490 (2000 AF205)",1.035,0.2770,2.41,219.90,127.51,0.748,1.32,1.05,21.90,,292.48,2460672.61
"488515 (2001 FE90)",1.935,0.4952,8.81,98.38,145.42,0.977,2.89,2.69,20.71,,256.64,2460882.75
"488789 (2004 XK50)",1.451,0.6886,38.23,94.05,104.02,0.452,2.45,1.75,19.13,1.039,88.88,2460442.87
"489486 (2007 GS3)",1.061,0.1291,15.09,215.39,61.07,0.924,1.20,1.09,19.40,,306.17,2460660.20
"490354 (2009 FF19)",1.213,0.4092,0.56,84.88,244.81,0.717,1.71,1.34,21.40,,127.29,2460428.01
"490581 (2009 WZ104)",0.8553,0.1927,9.84,263.25,10.56,0.690,1.02,0.791,20.85,0.237,71.51,2460543.11
"494658 (2000 UG11)",1.929,0.5718,8.91,223.91,240.87,0.826,3.03,2.68,20.71,,322.34,2460702.86
"494690 (2004 JQ1)",1.193,0.4500,32.83,77.05,272.66,0.656,1.73,1.3,20.10,,168.24,2460377.96
"494697 (2004 SW55)",1.428,0.3340,8.79,75.12,352.85,0.951,1.90,1.71,20.77,,241.22,2460806.07
"494710 (2005 MO13)",0.8636,0.4108,6.32,176.57,250.22,0.509,1.22,0.803,20.78,,251.77,2460688.62
"494975 (2009 WO106)",1.374,0.3853,17.35,281.69,134.68,0.845,1.90,1.61,19.18,,105.64,2460427.85
"494999 (2010 JU39)",0.9191,0.5461,36.22,95.16,311.38,0.417,1.42,0.881,19.67,,294.11,2460659.41
"495187 (2012 VO76)",1.204,0.2150,36.95,229.47,297.36,0.945,1.46,1.32,21.05,,272.72,2460717.54
"496005 (2007 XJ16)",2.258,0.5563,6.23,309.06,32.99,1.002,3.51,3.39,19.10,,32.92,2460487.17
"496013 (2008 EL6)",1.728,0.4810,13.14,177.66,38.41,0.897,2.56,2.27,21.00,,93.80,2460384.31
"496816 (1989 UP)",1.862,0.4722,3.85,53.16,17.82,0.982,2.74,2.54,20.54,0.3,256.52,2460867.17
"496817 (1989 VB)",1.862,0.4601,2.18,37.85,330.92,1.005,2.72,2.54,19.99,0.4,278.40,2460810.83
"496860 (1999 XL136)",1.819,0.6465,8.91,269.97,275.47,0.643,3.00,2.45,19.67,,28.38,2460529.85
"496901 (2001 HB)",1.314,0.6940,9.28,195.82,238.00,0.402,2.23,1.51,20.69,,260.14,2460753.09
"497117 (2004 FU4)",1.26,0.2639,23.25,31.56,46.31,0.928,1.59,1.41,18.33,,296.47,2460691.68
"499582 (2010 TH19)",1.464,0.3101,6.83,254.20,201.50,1.010,1.92,1.77,20.53,0.461,277.30,2460749.18
"500080 (2011 WV134)",2.795,0.6753,6.02,157.64,25.90,0.907,4.68,4.67,17.22,,250.63,2461119.05
"503861 (1998 WZ1)",2.163,0.5566,4.31,344.84,137.37,0.959,3.37,3.18,19.97,,35.72,2460485.18
"503941 (2003 UV11)",1.453,0.7626,5.93,31.78,124.95,0.345,2.56,1.75,19.65,0.260,324.10,2460664.33
"504034 (2005 UJ159)",3.343,0.8317,35.61,80.25,95.79,0.563,6.12,6.11,17.62,,26.44,2460436.53
"504256 (2006 VD13)",1.948,0.4837,11.71,313.94,162.89,1.006,2.89,2.72,19.07,,185.93,2461080.70
"504680 (2009 EO2)",1.712,0.4807,11.48,264.63,220.60,0.889,2.53,2.24,19.78,,2.81,2460594.11
"504800 (2010 CO1)",1.013,0.2179,24.02,351.56,252.71,0.792,1.23,1.02,21.48,0.380,78.84,2460518.98
"505178 (2012 TV78)",1.816,0.5488,7.47,251.75,244.94,0.819,2.81,2.45,19.46,,268.57,2460827.48
"505657 (2014 SR339)",1.299,0.3038,29.79,138.74,299.64,0.905,1.69,1.48,18.48,0.971,217.16,2460815.18
"506074 Svarog (2015 UM67)",1.558,0.6874,6.01,150.02,132.27,0.487,2.63,1.94,18.93,0.665,247.70,2460822.02
"506491 (2003 UW29)",1.17,0.8386,3.76,196.48,55.27,0.189,2.15,1.26,20.77,,255.96,2460734.02
"506732 (2006 VW2)",1.236,0.2944,10.05,229.77,299.68,0.872,1.60,1.37,21.32,,290.05,2460698.02
"506859 (2007 VW137)",2.236,0.7348,5.83,297.40,247.48,0.593,3.88,3.34,18.25,,351.64,2460628.88
"507716 (2013 UP8)",2.535,0.6191,47.83,55.16,187.36,0.966,4.10,4.04,16.39,,318.58,2460770.11
"508774 (1999 JE1)",1.323,0.7017,20.91,53.06,302.74,0.395,2.25,1.52,20.08,,214.12,2460825.80
"508908 (2003 YX1)",0.8797,0.2670,5.76,89.62,223.14,0.645,1.11,0.825,20.95,,197.32,2460736.68
"508967 (2004 VC17)",1.895,0.8109,20.40,229.17,65.16,0.358,3.43,2.61,18.49,,247.56,2460898.12
"509191 (2006 OC5)",2.402,0.6521,4.74,149.09,245.80,0.836,3.97,3.72,19.25,,305.36,2460806.82
"509352 (2007 AG)",0.7206,0.3741,11.95,283.22,5.71,0.451,0.99,0.612,20.16,,192.55,2460704.43
"509456 (2007 LF)",1.682,0.4198,6.99,239.39,333.92,0.976,2.39,2.18,20.57,,359.45,2460601.71
"509821 (2008 WQ63)",1.734,0.6071,0.92,317.08,229.02,0.681,2.79,2.28,20.20,,308.58,2460719.63
"509935 (2009 QL8)",1.931,0.5409,4.24,84.47,339.66,0.887,2.98,2.68,19.54,,202.68,2461028.86
"510055 (2010 FH81)",1.226,0.2105,16.80,84.60,158.31,0.968,1.48,1.36,21.51,0.200,223.80,2460788.00
"510529 (2012 EY11)",1.148,0.1508,9.02,167.58,238.88,0.975,1.32,1.23,21.58,,185.06,2460818.94
"511008 (2013 PX6)",2.597,0.6515,13.66,187.37,229.70,0.905,4.29,4.19,18.55,1.647,225.56,2461171.40
"511684 (2015 BN509)",1.007,0.5685,4.15,120.08,143.20,0.434,1.58,1.01,20.79,0.315,166.20,2460430.15
"512234 (2015 VO66)",0.9522,0.6000,14.02,64.46,219.30,0.381,1.52,0.929,20.62,,291.01,2460665.54
"513126 (1998 QP)",1.786,0.5826,9.35,326.43,78.46,0.745,2.83,2.39,21.71,,325.88,2460683.10
"513171 (2004 MD6)",0.9509,0.5630,29.32,263.84,231.46,0.416,1.49,0.927,20.48,,47.22,2460556.07
"513312 (2007 DM41)",1.181,0.5278,2.26,1.70,274.49,0.558,1.80,1.28,22.07,,211.78,2460793.60
"513489 (2009 EV)",1.728,0.5235,17.00,138.55,250.28,0.824,2.63,2.27,20.12,,25.45,2460541.83
"514150 (2015 KJ57)",1.559,0.4039,2.63,14.40,336.45,0.929,2.19,1.95,21.53,,239.72,2460838.05
"514568 (1994 RC)",2.264,0.6036,4.76,344.25,286.54,0.897,3.63,3.41,19.22,,313.52,2460761.12
"514596 (2003 FG)",1.241,0.7150,15.66,6.98,312.92,0.354,2.13,1.38,19.73,,166.36,2460367.02
"515767 (2015 JA2)",1.034,0.3491,16.42,126.60,246.26,0.673,1.39,1.05,21.17,,233.79,2460735.11
"516154 (2016 CL32)",1.543,0.4601,12.21,123.49,292.95,0.833,2.25,1.92,19.35,,214.31,2460883.91
"516155 (2016 DP)",1.023,0.4771,13.33,54.36,254.01,0.535,1.51,1.03,20.11,,32.94,2460565.94
"517103 (2013 EM20)",1.371,0.3179,8.36,73.88,350.16,0.935,1.81,1.61,19.92,,157.18,2460344.41
"517681 (2015 DE198)",2.063,0.5832,12.26,33.23,218.11,0.860,3.27,2.96,18.86,,50.47,2460448.78
"518640 (2008 KZ5)",1.844,0.4545,8.36,142.55,194.42,1.006,2.68,2.5,20.05,,160.69,2460192.37
"518678 (2008 UZ94)",2.191,0.5725,30.25,248.22,159.72,0.937,3.45,3.24,17.38,,322.94,2460722.47
"518810 (2010 CF19)",1.193,0.2700,7.18,154.71,265.31,0.871,1.52,1.3,21.85,0.083,142.87,2460411.58
"518847 (2010 DM)",2.081,0.8399,5.00,140.75,221.04,0.333,3.83,3,19.02,,8.79,2460573.75
"522684 (2016 JP)",0.9939,0.3836,11.33,202.55,255.63,0.613,1.38,0.991,21.14,,264.69,2460696.32
"523589 (2001 HA4)",2.69,0.7934,17.18,354.01,95.66,0.556,4.82,4.41,17.79,1.851,134.96,2459996.31
"523598 (2003 ED50)",1.416,0.5470,33.72,173.48,94.01,0.642,2.19,1.69,20.77,,258.77,2460773.62
"523606 (2005 CJ)",1.75,0.5256,1.08,357.82,81.99,0.830,2.67,2.31,20.34,,203.33,2460968.36
"523609 (2005 PJ2)",1.198,0.6594,17.42,326.43,128.89,0.408,1.99,1.31,19.53,,169.53,2460374.91
"523623 (2008 CB22)",2.365,0.6533,7.27,51.17,33.42,0.820,3.91,3.64,19.72,,227.64,2461089.00
"523630 (2009 OG)",2.706,0.8586,48.39,309.33,114.20,0.383,5.03,4.45,16.10,,137.74,2459978.51
"523650 (2011 GQ61)",1.59,0.4121,65.16,333.51,155.09,0.935,2.25,2.01,18.59,,279.23,2460764.82
"523654 (2011 SR5)",1.178,0.7057,29.13,180.10,305.55,0.347,2.01,1.28,20.95,,36.93,2460552.58
"523656 (2011 WO4)",1.738,0.4977,60.94,225.18,235.99,0.873,2.60,2.29,19.29,,206.67,2460956.82
"523662 (2012 MU2)",2.055,0.5138,11.22,250.30,16.60,0.999,3.11,2.95,20.77,,64.04,2460409.06
"523664 (2012 OD1)",0.8288,0.5029,42.26,303.73,224.36,0.412,1.25,0.754,18.59,0.346,191.12,2460729.78
"523685 (2014 DN112)",1.848,0.4939,4.30,260.18,145.91,0.935,2.76,2.51,20.04,,143.77,2460233.93
"523732 (2014 PG51)",1.206,0.4528,3.79,275.74,294.16,0.660,1.75,1.32,20.66,,311.74,2460665.33
"523775 (2014 YB35)",1.877,0.4833,12.64,3.72,188.64,0.970,2.78,2.57,19.11,0.279,256.67,2460870.08
"523788 (2015 FP118)",2.121,0.5497,2.68,201.34,108.16,0.955,3.29,3.09,19.48,,1.51,2460595.77
"523804 (2000 YF29)",1.492,0.3713,6.30,124.74,28.10,0.938,2.05,1.82,20.31,,355.90,2460608.07
"523808 (2007 ML24)",0.7588,0.3584,33.43,281.87,201.50,0.487,1.03,0.661,19.34,,287.12,2460649.38
"523813 (2008 VB1)",1.278,0.2751,10.32,50.35,136.98,0.926,1.63,1.44,20.65,,264.03,2460741.19
"523814 (2008 WN2)",1.418,0.3118,3.75,227.09,283.40,0.976,1.86,1.69,20.81,,95.98,2460436.08
"523816 (2009 ST103)",2.701,0.7184,15.74,226.45,234.66,0.760,4.64,4.44,18.14,0.851,126.30,2460031.80
"523818 (2010 SH13)",1.206,0.1370,13.86,190.58,11.02,1.041,1.37,1.32,21.27,,13.99,2460581.70
"523820 (2011 GN44)",2.245,0.5976,55.01,16.93,319.39,0.903,3.59,3.36,18.20,,307.31,2460780.32
"523934 (1998 FF14)",1.253,0.3123,38.69,359.83,301.12,0.862,1.64,1.4,20.62,,251.74,2460754.62
"523950 (1998 SZ27)",0.9051,0.5068,23.64,166.68,47.73,0.446,1.36,0.861,20.17,,182.41,2460755.66
"524475 (2002 KJ4)",2.271,0.5570,27.92,75.52,155.48,1.006,3.54,3.42,19.36,,207.24,2461130.85
"524522 Zoozve (2002 VE68)",0.7236,0.4102,9.04,231.47,355.41,0.427,1.02,0.616,20.54,,48.01,2460570.52
"524594 (2003 NW1)",2.424,0.6432,6.16,265.02,118.89,0.865,3.98,3.77,18.68,,207.85,2461183.14
"525229 (2004 UU1)",1.226,0.2732,29.97,217.76,113.63,0.891,1.56,1.36,21.17,,295.27,2460689.65
"525231 (2004 VB)",1.459,0.4090,10.86,52.35,71.61,0.862,2.06,1.76,20.85,,77.99,2460461.09
"525268 (2004 XL14)",0.7595,0.4104,21.46,85.60,157.59,0.448,1.07,0.662,21.43,,202.64,2460706.19
"525356 (2005 BG14)",1.993,0.7275,21.68,94.91,281.04,0.543,3.44,2.81,18.69,,24.82,2460529.65
"525484 (2005 GL)",1.056,0.3063,15.90,43.61,265.35,0.733,1.38,1.09,21.30,,278.68,2460690.06
"526587 (2006 TB)",1.562,0.3245,27.57,169.30,180.99,1.055,2.07,1.95,20.03,,93.49,2460415.34
"526670 (2006 UL217)",1.43,0.3486,9.92,45.18,310.12,0.932,1.93,1.71,20.75,,201.09,2460876.26
"526878 (2007 FE)",1.794,0.4570,7.00,122.62,135.21,0.974,2.61,2.4,19.38,,90.40,2460380.15
"527715 (2007 YQ56)",1.141,0.2881,26.45,276.00,273.09,0.812,1.47,1.22,19.97,,213.19,2460782.04
"528159 (2008 HS3)",1.35,0.2255,8.17,227.69,5.04,1.046,1.65,1.57,21.51,,166.33,2460335.75
"528804 (2009 BJ58)",1.849,0.7127,13.02,131.14,85.94,0.531,3.17,2.52,19.05,,61.52,2460443.52
"529366 (2009 WM1)",1.181,0.1689,25.77,240.25,162.64,0.981,1.38,1.28,20.42,,241.67,2460754.49
"529668 (2010 JL33)",2.677,0.7350,5.38,52.45,309.89,0.709,4.65,4.38,17.89,1.778,70.72,2460286.12
"529753 (2010 MF1)",2.498,0.5882,9.10,286.94,27.84,1.029,3.97,3.95,19.65,0.363,212.69,2461190.59
"529951 (2010 UD)",1.098,0.2640,26.29,23.74,262.26,0.808,1.39,1.15,21.08,,130.20,2460448.55
"530085 (2010 XC11)",2.519,0.8492,9.12,94.09,121.47,0.380,4.66,4,18.76,,139.28,2460035.67
"530520 (2011 LT17)",1.1,0.2874,20.90,83.45,270.62,0.784,1.42,1.15,21.85,,146.20,2460429.43
"530974 (2012 BN11)",1.457,0.3950,4.36,153.71,69.77,0.882,2.03,1.76,20.77,,39.68,2460529.66
"531060 (2012 DJ61)",0.9176,0.5153,53.63,346.27,311.96,0.445,1.39,0.879,19.89,,21.87,2460581.00
"531277 (2012 MM11)",2.113,0.6479,3.18,245.42,124.24,0.744,3.48,3.07,20.30,,341.40,2460658.48
"531899 (2013 BE19)",0.9113,0.2974,31.01,309.26,311.97,0.640,1.18,0.87,19.78,,65.21,2460542.95
"531914 (2013 BW76)",2.058,0.5337,40.36,58.22,0.56,0.960,3.16,2.95,18.37,,350.41,2460629.24
"531944 (2013 CU83)",1.285,0.1829,10.34,303.33,18.84,1.050,1.52,1.46,21.33,,176.89,2460339.21
"533011 (2014 AY28)",1.425,0.2826,5.71,169.57,22.73,1.023,1.83,1.7,21.85,,71.50,2460477.05
"533372 (2014 GG17)",1.367,0.3525,39.15,195.28,239.58,0.885,1.85,1.6,20.17,,297.85,2460701.26
"533671 (2014 LJ21)",2.889,0.8956,24.28,126.58,302.90,0.302,5.48,4.91,15.90,,51.35,2460344.65
"533722 (2014 NE52)",2.385,0.6585,3.86,54.52,337.61,0.815,3.96,3.68,18.21,0.701,256.99,2460985.56
"535844 (2015 BY310)",1.587,0.4008,4.79,328.41,229.53,0.951,2.22,2,21.89,,277.70,2460767.43
"536531 (2015 DV215)",1.538,0.4027,13.20,13.92,41.37,0.919,2.16,1.91,20.46,,73.05,2460459.09
"537395 (2015 LG2)",1.26,0.1817,21.29,133.11,188.91,1.031,1.49,1.41,20.48,,179.81,2460342.62
"538212 (2016 CA136)",2.032,0.7812,1.26,239.74,125.01,0.444,3.62,2.9,19.35,0.654,18.73,2460545.48
"539063 (2016 MK1)",1.5,0.7160,10.78,178.30,240.70,0.426,2.57,1.84,19.12,,94.81,2460423.70
"549948 (2011 WL2)",1.078,0.2834,14.13,212.91,88.85,0.772,1.38,1.12,20.84,,275.83,2460696.03
"551685 (2013 HT15)",1.101,0.4229,2.92,23.28,315.92,0.635,1.57,1.16,21.82,,265.36,2460711.45
"576763 (2012 UR136)",1.916,0.4607,6.06,87.51,202.78,1.033,2.80,2.65,19.30,,238.36,2460927.88
"585310 (2017 YZ1)",1.328,0.3351,20.87,277.70,298.49,0.883,1.77,1.53,20.43,,99.80,2460445.57
"605070 (2016 BT39)",1.968,0.5382,8.96,174.97,203.19,0.909,3.03,2.76,19.67,,80.29,2460375.56
"606441 (2017 YT5)",1.796,0.4192,36.47,133.53,197.04,1.043,2.55,2.41,19.09,,46.85,2460486.06
"612012 (1983 LC)",2.603,0.7146,1.56,159.69,184.90,0.743,4.46,4.2,19.47,,270.70,2460981.08
"612050 (1997 GL3)",2.27,0.7844,6.68,194.34,262.58,0.489,4.05,3.42,19.14,,23.62,2460518.54
"612098 (1999 RM45)",1.684,0.6446,10.89,162.63,88.91,0.599,2.77,2.19,19.82,,215.47,2460920.93
"612143 (2000 BO28)",1.699,0.6003,6.34,319.73,303.41,0.679,2.72,2.21,19.84,,1.98,2460596.05
"612227 (2001 QC34)",1.129,0.1876,6.24,271.45,215.47,0.917,1.34,1.2,20.20,,332.57,2460633.87
"612267 (2001 SG286)",1.358,0.3474,7.77,241.11,56.28,0.886,1.83,1.58,20.91,,236.56,2460798.75
"612326 (2002 CD14)",1.779,0.5793,2.89,127.60,141.32,0.748,2.81,2.37,20.42,,149.31,2460241.03
"612337 (2002 EY2)",1.725,0.4866,21.73,343.39,51.10,0.886,2.56,2.27,19.45,,67.64,2460444.98
"612342 (2002 FC)",2.822,0.6660,6.76,50.10,195.23,0.942,4.70,4.74,19.16,,249.51,2461131.90
"612348 (2002 GZ8)",2.821,0.6402,5.32,309.75,161.48,1.015,4.63,4.74,18.73,,287.59,2460948.50
"612356 (2002 JX8)",0.7699,0.3057,4.31,68.52,338.12,0.535,1.01,0.676,20.33,,244.41,2460679.72
"612358 (2002 JE9)",1.066,0.4165,8.77,199.83,255.90,0.622,1.51,1.1,21.40,,201.66,2460777.31
"612380 (2002 PF43)",1.644,0.3662,13.86,142.74,191.63,1.042,2.25,2.11,20.95,,185.67,2460973.23
"612509 (2002 UK11)",1.324,0.5753,5.37,69.18,84.54,0.562,2.09,1.52,21.89,,107.30,2460434.72
"612522 (2002 VP69)",2.019,0.5270,10.12,306.83,189.04,0.955,3.08,2.87,18.23,,202.97,2461057.70
"612536 (2003 AA3)",1.421,0.2893,13.78,106.38,347.03,1.010,1.83,1.69,20.30,,311.80,2460683.33
"612780 (2004 MD)",1.917,0.5365,9.77,85.39,124.28,0.889,2.95,2.66,20.16,,255.42,2460882.22
"612786 (2004 PJ2)",1.418,0.3421,2.58,317.10,281.78,0.933,1.90,1.69,21.57,,23.99,2460559.41
"612813 (2004 RF84)",2.164,0.6038,23.29,344.52,122.61,0.858,3.47,3.18,18.38,,71.76,2460368.69
"612856 (2004 TP1)",1.291,0.3892,7.49,30.02,87.86,0.789,1.79,1.47,20.75,,182.75,2460864.37
"612901 (2004 XP14)",1.052,0.1586,32.95,281.01,273.74,0.885,1.22,1.08,19.79,,54.12,2460541.25
"612924 (2005 CL)",1.986,0.7547,4.45,318.37,298.57,0.487,3.49,2.8,20.29,,338.02,2460662.95
"612989 (2005 LW39)",1.988,0.7156,28.47,251.45,275.19,0.566,3.41,2.8,20.00,,341.28,2460653.75
"613286 (2005 YQ96)",0.7434,0.3336,22.23,282.66,340.14,0.495,0.99,0.641,20.63,,314.69,2460629.96
"613403 (2006 GB)",0.9585,0.1795,10.07,183.68,242.92,0.786,1.13,0.938,20.23,,8.63,2460592.28
"613450 (2006 PY17)",1.895,0.6404,2.85,309.91,133.19,0.682,3.11,2.61,19.30,,303.70,2460749.56
"613569 (2006 TU7)",0.8513,0.4703,2.95,91.35,69.22,0.451,1.25,0.785,21.91,,242.73,2460693.95
"613714 (2007 DL41)",1.457,0.4765,4.67,150.72,140.23,0.763,2.15,1.76,20.82,,286.02,2460732.53
"613726 (2007 EF)",0.8203,0.4101,21.73,158.34,226.04,0.484,1.16,0.743,21.34,0.260,348.52,2460609.16
"613986 (2008 JG)",1.051,0.2959,7.92,128.74,242.35,0.740,1.36,1.08,20.81,,324.38,2460639.47
"614134 (2008 TC4)",0.7804,0.5544,10.65,212.54,324.35,0.348,1.21,0.689,21.65,,320.86,2460627.88
"614433 (2009 KK)",1.502,0.4552,18.21,68.12,247.34,0.818,2.19,1.84,20.58,,95.41,2460422.24
"614470 Flordeneu (2009 ST19)",2.361,0.5949,6.73,0.13,336.93,0.956,3.77,3.63,18.39,,59.52,2460381.46
"618350 (2021 PS2)",1.554,0.4735,7.92,163.29,79.01,0.818,2.29,1.94,19.92,,257.34,2460802.26
"619106 (2005 SQ)",1.654,0.5748,1.20,317.11,294.98,0.703,2.61,2.13,20.11,,28.92,2460538.07
"619920 (2006 KY86)",2.294,0.6486,7.47,222.29,321.65,0.806,3.78,3.47,19.74,,114.32,2460197.56
"620055 (2003 BK47)",2.749,0.7062,20.66,138.78,235.34,0.808,4.69,4.56,17.76,,318.54,2460792.20
"620056 (2004 UR1)",2.175,0.6164,4.08,250.92,73.45,0.835,3.52,3.21,20.53,,99.22,2460277.47
"620063 (2009 DH39)",1.849,0.6001,53.69,155.39,68.25,0.739,2.96,2.51,18.77,,58.35,2460451.66
"620066 (2010 SC41)",1.866,0.6068,0.25,235.53,267.58,0.734,3.00,2.55,19.86,,142.47,2460232.16
"620071 (2011 WN15)",1.217,0.8580,33.43,75.55,218.57,0.173,2.26,1.34,19.64,,249.46,2460751.03
"620082 (2014 QL433)",2.092,0.7170,4.43,322.63,260.62,0.592,3.59,3.02,19.87,,158.82,2460113.07
"620084 (2014 WD201)",2.095,0.5026,8.47,105.68,199.82,1.042,3.15,3.03,19.29,,158.22,2460113.60
"620085 (2014 WG365)",1.296,0.3333,25.12,71.31,111.13,0.864,1.73,1.47,20.12,,155.10,2460368.42
"620092 (2015 HB10)",1.853,0.5716,5.70,6.12,79.69,0.794,2.91,2.52,18.40,,346.91,2460634.00
"620094 (2016 AJ193)",3.261,0.8163,22.57,331.16,82.14,0.599,5.92,5.89,18.98,1.374,185.53,2461643.19
"620095 (2016 CB194)",2.512,0.6322,9.88,48.47,325.74,0.924,4.10,3.98,17.70,,119.35,2460118.43
"620096 Curupira (2016 HL)",1.813,0.6157,5.15,232.69,252.07,0.697,2.93,2.44,19.85,,195.15,2461008.76
"620099 (2016 OP5)",1.616,0.4523,8.24,79.52,291.04,0.885,2.35,2.05,20.95,,338.29,2460645.74
"620100 (2016 WJ1)",1.34,0.5031,2.89,81.99,87.77,0.666,2.01,1.55,21.35,,345.15,2460623.87
"620103 (2018 LC3)",1.346,0.5479,44.36,111.17,76.26,0.608,2.08,1.56,18.79,,55.37,2460512.78
"620107 (2020 XK7)",2.012,0.5593,8.08,197.59,26.95,0.887,3.14,2.85,19.58,,81.97,2460363.16
"621890 (2011 PO1)",2.515,0.6346,5.74,210.64,166.79,0.919,4.11,3.99,20.91,,98.78,2460200.76
"627157 (2008 OX1)",1.206,0.2776,29.74,304.82,281.35,0.871,1.54,1.32,21.50,,138.09,2460414.91
"657084 (2016 GT220)",1.608,0.3799,23.65,3.09,27.02,0.997,2.22,2.04,17.83,,244.19,2460840.04
"660096 (1998 SL36)",1.391,0.4181,19.06,353.08,116.80,0.809,1.97,1.64,20.23,,253.30,2460778.06
"666729 (2010 TV149)",1.699,0.5188,9.79,78.58,42.90,0.818,2.58,2.21,18.72,,76.23,2460429.18
"667255 (2011 EG17)",1.38,0.4188,20.11,170.10,241.55,0.802,1.96,1.62,20.68,,210.56,2460846.36
"668949 (2012 PP28)",1.989,0.6067,5.67,254.05,133.68,0.782,3.20,2.81,19.27,,100.32,2460314.92
"669051 (2012 SD22)",1.964,0.5727,7.91,140.22,313.83,0.839,3.09,2.75,20.06,,105.48,2460305.93
"669555 (2012 YQ1)",1.998,0.5627,5.15,120.01,42.26,0.874,3.12,2.82,21.11,,50.22,2460456.61
"671294 (2014 JO25)",2.066,0.8867,25.16,30.28,49.91,0.234,3.90,2.97,18.02,,201.55,2461077.89
"671970 (2014 QO296)",1.835,0.4701,10.94,193.51,30.72,0.973,2.70,2.49,20.15,,59.12,2460451.37
"672457 (2014 UR116)",2.07,0.7278,6.57,5.81,286.96,0.564,3.58,2.98,19.80,,142.70,2460169.27
"672745 (2014 WV363)",1.846,0.5158,5.53,77.95,210.03,0.894,2.80,2.51,19.05,,18.13,2460554.36
"673011 (2015 AR45)",1.385,0.7013,9.23,114.35,239.63,0.414,2.36,1.63,20.00,,38.07,2460537.52
"673713 (2015 FQ117)",0.8606,0.6205,4.55,293.85,63.12,0.327,1.39,0.798,20.87,,178.08,2460456.26
"674590 (2015 RH2)",1.218,0.2666,5.36,332.38,115.37,0.893,1.54,1.34,22.00,,210.05,2460804.99
"675603 (2015 XE352)",1.335,0.3891,2.05,45.18,225.54,0.816,1.85,1.54,20.94,,45.42,2460529.39
"678413 (2017 SV20)",1.303,0.3054,22.73,110.86,119.66,0.905,1.70,1.49,18.76,,52.25,2460521.63
"678715 (2017 VV14)",2.24,0.8450,15.89,77.93,234.76,0.347,4.13,3.35,18.34,,48.24,2460436.40
"678927 (2018 BP)",1.557,0.3977,3.33,183.28,216.51,0.938,2.18,1.94,20.56,,197.14,2460921.44
"678976 (2018 EH4)",2.06,0.6126,6.19,2.83,75.23,0.798,3.32,2.96,21.68,,104.41,2460287.25
"679440 (2019 GT2)",1.84,0.5108,6.74,88.38,343.89,0.900,2.78,2.5,19.10,,158.02,2460200.48
"679655 (2020 BS12)",1.49,0.7457,4.63,311.97,90.29,0.379,2.60,1.82,20.11,,241.41,2460819.38
"679656 (2020 BP13)",1.568,0.3525,8.14,208.99,357.32,1.015,2.12,1.96,21.07,,93.49,2460414.32
"679786 (2020 QG3)",2.089,0.5654,7.43,186.56,229.76,0.908,3.27,3.02,21.21,,113.31,2460253.43
"679814 (2020 TH5)",1.425,0.3985,4.60,175.77,326.46,0.857,1.99,1.7,21.04,,54.43,2460506.58
"679885 (2021 NQ5)",1.611,0.4937,1.42,115.35,299.07,0.816,2.41,2.05,21.12,,166.37,2460255.21
"686964 (2011 GM44)",0.7817,0.5191,49.33,10.82,37.53,0.376,1.19,0.691,19.68,,308.26,2460636.78
"696513 (2016 NL56)",1.407,0.5450,4.60,340.90,87.43,0.640,2.17,1.67,20.91,,270.79,2460751.51
"712200 (2014 SM143)",1.206,0.4226,24.21,28.81,89.64,0.696,1.72,1.32,20.38,,153.82,2460393.91
"719194 (2018 PL23)",1.567,0.7870,14.35,178.29,293.68,0.334,2.80,1.96,19.87,,341.87,2460636.59
